,contract_id,firm_contract_type,short_name,long_name,holiday_calendar_id,delivery_code,trading_code,exchange_id,type,trading_months,spot_trading_months,notional_maturity_start,notional_maturity_end,notional_coupon,contract_size,currency,quote_type,price_dec_places,price_tick_size,units_in_quote,tick_value,back_office_code,last_trading_date_rule,expiry_date_rule,root_ric_symbol,min_fluctuation,notional_maturity_units,max_contracts,default_executing_broker,default_clearing_broker,underlying_instr,underlying_instr_string,future_code,domicile,underlying_ric,contract_type,mds_date,active,version_number,version_user_id,version_date,default_executing_ny,default_clearing_ny,default_executing_tk,default_clearing_tk,default_executing_hk,default_clearing_hk,min_ctd_bonds,max_ctd_bonds,duration,coupon_freq,price_for_tick,margined,settlement_type,expiry_time,contract_multiplier,cash_in_lieu,related_contfuture_code,fut_expiry_year,strike_divisor,root_ric_override
0,lyCu9VRNNt,2021-07-22,lyCu9VRNNt,lyCu9VRNNt,lyCu9VRNNt,lyCu9VRNNt,lyCu9VRNNt,lyCu9VRNNt,lyCu9VRNNt,lyCu9VRNNt,2021-07-22,lyCu9VRNNt,lyCu9VRNNt,lyCu9VRNNt,2021-07-22,lyCu9VRNNt,lyCu9VRNNt,2021-07-22,lyCu9VRNNt,lyCu9VRNNt,lyCu9VRNNt,lyCu9VRNNt,lyCu9VRNNt,lyCu9VRNNt,lyCu9VRNNt,2021-07-22,2021-07-22,2021-07-22,lyCu9VRNNt,lyCu9VRNNt,2021-07-22,lyCu9VRNNt,lyCu9VRNNt,lyCu9VRNNt,lyCu9VRNNt,lyCu9VRNNt,2021-07-22,lyCu9VRNNt,2021-07-22,lyCu9VRNNt,2021-07-22,lyCu9VRNNt,lyCu9VRNNt,lyCu9VRNNt,lyCu9VRNNt,lyCu9VRNNt,lyCu9VRNNt,2021-07-22,2021-07-22,lyCu9VRNNt,2021-07-22,lyCu9VRNNt,lyCu9VRNNt,lyCu9VRNNt,lyCu9VRNNt,lyCu9VRNNt,lyCu9VRNNt,lyCu9VRNNt,2021-07-22,2021-07-22,lyCu9VRNNt
1,993sSgoeF,2016-12-24,993sSgoeF,993sSgoeF,993sSgoeF,993sSgoeF,993sSgoeF,993sSgoeF,993sSgoeF,993sSgoeF,2016-12-24,993sSgoeF,993sSgoeF,993sSgoeF,2016-12-24,993sSgoeF,993sSgoeF,2016-12-24,993sSgoeF,993sSgoeF,993sSgoeF,993sSgoeF,993sSgoeF,993sSgoeF,993sSgoeF,2016-12-24,2016-12-24,2016-12-24,993sSgoeF,993sSgoeF,2016-12-24,993sSgoeF,993sSgoeF,993sSgoeF,993sSgoeF,993sSgoeF,2016-12-24,993sSgoeF,2016-12-24,993sSgoeF,2016-12-24,993sSgoeF,993sSgoeF,993sSgoeF,993sSgoeF,993sSgoeF,993sSgoeF,2016-12-24,2016-12-24,993sSgoeF,2016-12-24,993sSgoeF,993sSgoeF,993sSgoeF,993sSgoeF,993sSgoeF,993sSgoeF,993sSgoeF,2016-12-24,2016-12-24,993sSgoeF
2,7ilt,2017-12-30,7ilt,7ilt,7ilt,7ilt,7ilt,7ilt,7ilt,7ilt,2017-12-30,7ilt,7ilt,7ilt,2017-12-30,7ilt,7ilt,2017-12-30,7ilt,7ilt,7ilt,7ilt,7ilt,7ilt,7ilt,2017-12-30,2017-12-30,2017-12-30,7ilt,7ilt,2017-12-30,7ilt,7ilt,7ilt,7ilt,7ilt,2017-12-30,7ilt,2017-12-30,7ilt,2017-12-30,7ilt,7ilt,7ilt,7ilt,7ilt,7ilt,2017-12-30,2017-12-30,7ilt,2017-12-30,7ilt,7ilt,7ilt,7ilt,7ilt,7ilt,7ilt,2017-12-30,2017-12-30,7ilt
3,S3SDkRbN,2021-03-30,S3SDkRbN,S3SDkRbN,S3SDkRbN,S3SDkRbN,S3SDkRbN,S3SDkRbN,S3SDkRbN,S3SDkRbN,2021-03-30,S3SDkRbN,S3SDkRbN,S3SDkRbN,2021-03-30,S3SDkRbN,S3SDkRbN,2021-03-30,S3SDkRbN,S3SDkRbN,S3SDkRbN,S3SDkRbN,S3SDkRbN,S3SDkRbN,S3SDkRbN,2021-03-30,2021-03-30,2021-03-30,S3SDkRbN,S3SDkRbN,2021-03-30,S3SDkRbN,S3SDkRbN,S3SDkRbN,S3SDkRbN,S3SDkRbN,2021-03-30,S3SDkRbN,2021-03-30,S3SDkRbN,2021-03-30,S3SDkRbN,S3SDkRbN,S3SDkRbN,S3SDkRbN,S3SDkRbN,S3SDkRbN,2021-03-30,2021-03-30,S3SDkRbN,2021-03-30,S3SDkRbN,S3SDkRbN,S3SDkRbN,S3SDkRbN,S3SDkRbN,S3SDkRbN,S3SDkRbN,2021-03-30,2021-03-30,S3SDkRbN
4,G9xO,2017-04-07,G9xO,G9xO,G9xO,G9xO,G9xO,G9xO,G9xO,G9xO,2017-04-07,G9xO,G9xO,G9xO,2017-04-07,G9xO,G9xO,2017-04-07,G9xO,G9xO,G9xO,G9xO,G9xO,G9xO,G9xO,2017-04-07,2017-04-07,2017-04-07,G9xO,G9xO,2017-04-07,G9xO,G9xO,G9xO,G9xO,G9xO,2017-04-07,G9xO,2017-04-07,G9xO,2017-04-07,G9xO,G9xO,G9xO,G9xO,G9xO,G9xO,2017-04-07,2017-04-07,G9xO,2017-04-07,G9xO,G9xO,G9xO,G9xO,G9xO,G9xO,G9xO,2017-04-07,2017-04-07,G9xO
5,2lOY3Vmrfu,2021-09-16,2lOY3Vmrfu,2lOY3Vmrfu,2lOY3Vmrfu,2lOY3Vmrfu,2lOY3Vmrfu,2lOY3Vmrfu,2lOY3Vmrfu,2lOY3Vmrfu,2021-09-16,2lOY3Vmrfu,2lOY3Vmrfu,2lOY3Vmrfu,2021-09-16,2lOY3Vmrfu,2lOY3Vmrfu,2021-09-16,2lOY3Vmrfu,2lOY3Vmrfu,2lOY3Vmrfu,2lOY3Vmrfu,2lOY3Vmrfu,2lOY3Vmrfu,2lOY3Vmrfu,2021-09-16,2021-09-16,2021-09-16,2lOY3Vmrfu,2lOY3Vmrfu,2021-09-16,2lOY3Vmrfu,2lOY3Vmrfu,2lOY3Vmrfu,2lOY3Vmrfu,2lOY3Vmrfu,2021-09-16,2lOY3Vmrfu,2021-09-16,2lOY3Vmrfu,2021-09-16,2lOY3Vmrfu,2lOY3Vmrfu,2lOY3Vmrfu,2lOY3Vmrfu,2lOY3Vmrfu,2lOY3Vmrfu,2021-09-16,2021-09-16,2lOY3Vmrfu,2021-09-16,2lOY3Vmrfu,2lOY3Vmrfu,2lOY3Vmrfu,2lOY3Vmrfu,2lOY3Vmrfu,2lOY3Vmrfu,2lOY3Vmrfu,2021-09-16,2021-09-16,2lOY3Vmrfu
6,l3ll6J,2020-01-10,l3ll6J,l3ll6J,l3ll6J,l3ll6J,l3ll6J,l3ll6J,l3ll6J,l3ll6J,2020-01-10,l3ll6J,l3ll6J,l3ll6J,2020-01-10,l3ll6J,l3ll6J,2020-01-10,l3ll6J,l3ll6J,l3ll6J,l3ll6J,l3ll6J,l3ll6J,l3ll6J,2020-01-10,2020-01-10,2020-01-10,l3ll6J,l3ll6J,2020-01-10,l3ll6J,l3ll6J,l3ll6J,l3ll6J,l3ll6J,2020-01-10,l3ll6J,2020-01-10,l3ll6J,2020-01-10,l3ll6J,l3ll6J,l3ll6J,l3ll6J,l3ll6J,l3ll6J,2020-01-10,2020-01-10,l3ll6J,2020-01-10,l3ll6J,l3ll6J,l3ll6J,l3ll6J,l3ll6J,l3ll6J,l3ll6J,2020-01-10,2020-01-10,l3ll6J
7,lx4GzKL,2019-03-31,lx4GzKL,lx4GzKL,lx4GzKL,lx4GzKL,lx4GzKL,lx4GzKL,lx4GzKL,lx4GzKL,2019-03-31,lx4GzKL,lx4GzKL,lx4GzKL,2019-03-31,lx4GzKL,lx4GzKL,2019-03-31,lx4GzKL,lx4GzKL,lx4GzKL,lx4GzKL,lx4GzKL,lx4GzKL,lx4GzKL,2019-03-31,2019-03-31,2019-03-31,lx4GzKL,lx4GzKL,2019-03-31,lx4GzKL,lx4GzKL,lx4GzKL,lx4GzKL,lx4GzKL,2019-03-31,lx4GzKL,2019-03-31,lx4GzKL,2019-03-31,lx4GzKL,lx4GzKL,lx4GzKL,lx4GzKL,lx4GzKL,lx4GzKL,2019-03-31,2019-03-31,lx4GzKL,2019-03-31,lx4GzKL,lx4GzKL,lx4GzKL,lx4GzKL,lx4GzKL,lx4GzKL,lx4GzKL,2019-03-31,2019-03-31,lx4GzKL
8,9yG38G4m,2022-07-10,9yG38G4m,9yG38G4m,9yG38G4m,9yG38G4m,9yG38G4m,9yG38G4m,9yG38G4m,9yG38G4m,2022-07-10,9yG38G4m,9yG38G4m,9yG38G4m,2022-07-10,9yG38G4m,9yG38G4m,2022-07-10,9yG38G4m,9yG38G4m,9yG38G4m,9yG38G4m,9yG38G4m,9yG38G4m,9yG38G4m,2022-07-10,2022-07-10,2022-07-10,9yG38G4m,9yG38G4m,2022-07-10,9yG38G4m,9yG38G4m,9yG38G4m,9yG38G4m,9yG38G4m,2022-07-10,9yG38G4m,2022-07-10,9yG38G4m,2022-07-10,9yG38G4m,9yG38G4m,9yG38G4m,9yG38G4m,9yG38G4m,9yG38G4m,2022-07-10,2022-07-10,9yG38G4m,2022-07-10,9yG38G4m,9yG38G4m,9yG38G4m,9yG38G4m,9yG38G4m,9yG38G4m,9yG38G4m,2022-07-10,2022-07-10,9yG38G4m
9,O0ovbEo,2019-09-20,O0ovbEo,O0ovbEo,O0ovbEo,O0ovbEo,O0ovbEo,O0ovbEo,O0ovbEo,O0ovbEo,2019-09-20,O0ovbEo,O0ovbEo,O0ovbEo,2019-09-20,O0ovbEo,O0ovbEo,2019-09-20,O0ovbEo,O0ovbEo,O0ovbEo,O0ovbEo,O0ovbEo,O0ovbEo,O0ovbEo,2019-09-20,2019-09-20,2019-09-20,O0ovbEo,O0ovbEo,2019-09-20,O0ovbEo,O0ovbEo,O0ovbEo,O0ovbEo,O0ovbEo,2019-09-20,O0ovbEo,2019-09-20,O0ovbEo,2019-09-20,O0ovbEo,O0ovbEo,O0ovbEo,O0ovbEo,O0ovbEo,O0ovbEo,2019-09-20,2019-09-20,O0ovbEo,2019-09-20,O0ovbEo,O0ovbEo,O0ovbEo,O0ovbEo,O0ovbEo,O0ovbEo,O0ovbEo,2019-09-20,2019-09-20,O0ovbEo
10,alJlZ,2015-12-03,alJlZ,alJlZ,alJlZ,alJlZ,alJlZ,alJlZ,alJlZ,alJlZ,2015-12-03,alJlZ,alJlZ,alJlZ,2015-12-03,alJlZ,alJlZ,2015-12-03,alJlZ,alJlZ,alJlZ,alJlZ,alJlZ,alJlZ,alJlZ,2015-12-03,2015-12-03,2015-12-03,alJlZ,alJlZ,2015-12-03,alJlZ,alJlZ,alJlZ,alJlZ,alJlZ,2015-12-03,alJlZ,2015-12-03,alJlZ,2015-12-03,alJlZ,alJlZ,alJlZ,alJlZ,alJlZ,alJlZ,2015-12-03,2015-12-03,alJlZ,2015-12-03,alJlZ,alJlZ,alJlZ,alJlZ,alJlZ,alJlZ,alJlZ,2015-12-03,2015-12-03,alJlZ
11,ztlVkcpqoK,2016-09-18,ztlVkcpqoK,ztlVkcpqoK,ztlVkcpqoK,ztlVkcpqoK,ztlVkcpqoK,ztlVkcpqoK,ztlVkcpqoK,ztlVkcpqoK,2016-09-18,ztlVkcpqoK,ztlVkcpqoK,ztlVkcpqoK,2016-09-18,ztlVkcpqoK,ztlVkcpqoK,2016-09-18,ztlVkcpqoK,ztlVkcpqoK,ztlVkcpqoK,ztlVkcpqoK,ztlVkcpqoK,ztlVkcpqoK,ztlVkcpqoK,2016-09-18,2016-09-18,2016-09-18,ztlVkcpqoK,ztlVkcpqoK,2016-09-18,ztlVkcpqoK,ztlVkcpqoK,ztlVkcpqoK,ztlVkcpqoK,ztlVkcpqoK,2016-09-18,ztlVkcpqoK,2016-09-18,ztlVkcpqoK,2016-09-18,ztlVkcpqoK,ztlVkcpqoK,ztlVkcpqoK,ztlVkcpqoK,ztlVkcpqoK,ztlVkcpqoK,2016-09-18,2016-09-18,ztlVkcpqoK,2016-09-18,ztlVkcpqoK,ztlVkcpqoK,ztlVkcpqoK,ztlVkcpqoK,ztlVkcpqoK,ztlVkcpqoK,ztlVkcpqoK,2016-09-18,2016-09-18,ztlVkcpqoK
12,mRro,2018-07-04,mRro,mRro,mRro,mRro,mRro,mRro,mRro,mRro,2018-07-04,mRro,mRro,mRro,2018-07-04,mRro,mRro,2018-07-04,mRro,mRro,mRro,mRro,mRro,mRro,mRro,2018-07-04,2018-07-04,2018-07-04,mRro,mRro,2018-07-04,mRro,mRro,mRro,mRro,mRro,2018-07-04,mRro,2018-07-04,mRro,2018-07-04,mRro,mRro,mRro,mRro,mRro,mRro,2018-07-04,2018-07-04,mRro,2018-07-04,mRro,mRro,mRro,mRro,mRro,mRro,mRro,2018-07-04,2018-07-04,mRro
13,q4YHi2dY,2018-07-09,q4YHi2dY,q4YHi2dY,q4YHi2dY,q4YHi2dY,q4YHi2dY,q4YHi2dY,q4YHi2dY,q4YHi2dY,2018-07-09,q4YHi2dY,q4YHi2dY,q4YHi2dY,2018-07-09,q4YHi2dY,q4YHi2dY,2018-07-09,q4YHi2dY,q4YHi2dY,q4YHi2dY,q4YHi2dY,q4YHi2dY,q4YHi2dY,q4YHi2dY,2018-07-09,2018-07-09,2018-07-09,q4YHi2dY,q4YHi2dY,2018-07-09,q4YHi2dY,q4YHi2dY,q4YHi2dY,q4YHi2dY,q4YHi2dY,2018-07-09,q4YHi2dY,2018-07-09,q4YHi2dY,2018-07-09,q4YHi2dY,q4YHi2dY,q4YHi2dY,q4YHi2dY,q4YHi2dY,q4YHi2dY,2018-07-09,2018-07-09,q4YHi2dY,2018-07-09,q4YHi2dY,q4YHi2dY,q4YHi2dY,q4YHi2dY,q4YHi2dY,q4YHi2dY,q4YHi2dY,2018-07-09,2018-07-09,q4YHi2dY
14,Qg,2021-12-08,Qg,Qg,Qg,Qg,Qg,Qg,Qg,Qg,2021-12-08,Qg,Qg,Qg,2021-12-08,Qg,Qg,2021-12-08,Qg,Qg,Qg,Qg,Qg,Qg,Qg,2021-12-08,2021-12-08,2021-12-08,Qg,Qg,2021-12-08,Qg,Qg,Qg,Qg,Qg,2021-12-08,Qg,2021-12-08,Qg,2021-12-08,Qg,Qg,Qg,Qg,Qg,Qg,2021-12-08,2021-12-08,Qg,2021-12-08,Qg,Qg,Qg,Qg,Qg,Qg,Qg,2021-12-08,2021-12-08,Qg
15,M,2021-01-09,M,M,M,M,M,M,M,M,2021-01-09,M,M,M,2021-01-09,M,M,2021-01-09,M,M,M,M,M,M,M,2021-01-09,2021-01-09,2021-01-09,M,M,2021-01-09,M,M,M,M,M,2021-01-09,M,2021-01-09,M,2021-01-09,M,M,M,M,M,M,2021-01-09,2021-01-09,M,2021-01-09,M,M,M,M,M,M,M,2021-01-09,2021-01-09,M
16,IkL3fjLJJ,2015-11-19,IkL3fjLJJ,IkL3fjLJJ,IkL3fjLJJ,IkL3fjLJJ,IkL3fjLJJ,IkL3fjLJJ,IkL3fjLJJ,IkL3fjLJJ,2015-11-19,IkL3fjLJJ,IkL3fjLJJ,IkL3fjLJJ,2015-11-19,IkL3fjLJJ,IkL3fjLJJ,2015-11-19,IkL3fjLJJ,IkL3fjLJJ,IkL3fjLJJ,IkL3fjLJJ,IkL3fjLJJ,IkL3fjLJJ,IkL3fjLJJ,2015-11-19,2015-11-19,2015-11-19,IkL3fjLJJ,IkL3fjLJJ,2015-11-19,IkL3fjLJJ,IkL3fjLJJ,IkL3fjLJJ,IkL3fjLJJ,IkL3fjLJJ,2015-11-19,IkL3fjLJJ,2015-11-19,IkL3fjLJJ,2015-11-19,IkL3fjLJJ,IkL3fjLJJ,IkL3fjLJJ,IkL3fjLJJ,IkL3fjLJJ,IkL3fjLJJ,2015-11-19,2015-11-19,IkL3fjLJJ,2015-11-19,IkL3fjLJJ,IkL3fjLJJ,IkL3fjLJJ,IkL3fjLJJ,IkL3fjLJJ,IkL3fjLJJ,IkL3fjLJJ,2015-11-19,2015-11-19,IkL3fjLJJ
17,i1Av6f,2021-11-19,i1Av6f,i1Av6f,i1Av6f,i1Av6f,i1Av6f,i1Av6f,i1Av6f,i1Av6f,2021-11-19,i1Av6f,i1Av6f,i1Av6f,2021-11-19,i1Av6f,i1Av6f,2021-11-19,i1Av6f,i1Av6f,i1Av6f,i1Av6f,i1Av6f,i1Av6f,i1Av6f,2021-11-19,2021-11-19,2021-11-19,i1Av6f,i1Av6f,2021-11-19,i1Av6f,i1Av6f,i1Av6f,i1Av6f,i1Av6f,2021-11-19,i1Av6f,2021-11-19,i1Av6f,2021-11-19,i1Av6f,i1Av6f,i1Av6f,i1Av6f,i1Av6f,i1Av6f,2021-11-19,2021-11-19,i1Av6f,2021-11-19,i1Av6f,i1Av6f,i1Av6f,i1Av6f,i1Av6f,i1Av6f,i1Av6f,2021-11-19,2021-11-19,i1Av6f
18,IrggR93,2015-08-13,IrggR93,IrggR93,IrggR93,IrggR93,IrggR93,IrggR93,IrggR93,IrggR93,2015-08-13,IrggR93,IrggR93,IrggR93,2015-08-13,IrggR93,IrggR93,2015-08-13,IrggR93,IrggR93,IrggR93,IrggR93,IrggR93,IrggR93,IrggR93,2015-08-13,2015-08-13,2015-08-13,IrggR93,IrggR93,2015-08-13,IrggR93,IrggR93,IrggR93,IrggR93,IrggR93,2015-08-13,IrggR93,2015-08-13,IrggR93,2015-08-13,IrggR93,IrggR93,IrggR93,IrggR93,IrggR93,IrggR93,2015-08-13,2015-08-13,IrggR93,2015-08-13,IrggR93,IrggR93,IrggR93,IrggR93,IrggR93,IrggR93,IrggR93,2015-08-13,2015-08-13,IrggR93
19,CNm,2016-01-27,CNm,CNm,CNm,CNm,CNm,CNm,CNm,CNm,2016-01-27,CNm,CNm,CNm,2016-01-27,CNm,CNm,2016-01-27,CNm,CNm,CNm,CNm,CNm,CNm,CNm,2016-01-27,2016-01-27,2016-01-27,CNm,CNm,2016-01-27,CNm,CNm,CNm,CNm,CNm,2016-01-27,CNm,2016-01-27,CNm,2016-01-27,CNm,CNm,CNm,CNm,CNm,CNm,2016-01-27,2016-01-27,CNm,2016-01-27,CNm,CNm,CNm,CNm,CNm,CNm,CNm,2016-01-27,2016-01-27,CNm
20,PgV,2016-12-17,PgV,PgV,PgV,PgV,PgV,PgV,PgV,PgV,2016-12-17,PgV,PgV,PgV,2016-12-17,PgV,PgV,2016-12-17,PgV,PgV,PgV,PgV,PgV,PgV,PgV,2016-12-17,2016-12-17,2016-12-17,PgV,PgV,2016-12-17,PgV,PgV,PgV,PgV,PgV,2016-12-17,PgV,2016-12-17,PgV,2016-12-17,PgV,PgV,PgV,PgV,PgV,PgV,2016-12-17,2016-12-17,PgV,2016-12-17,PgV,PgV,PgV,PgV,PgV,PgV,PgV,2016-12-17,2016-12-17,PgV
21,2x7,2016-04-15,2x7,2x7,2x7,2x7,2x7,2x7,2x7,2x7,2016-04-15,2x7,2x7,2x7,2016-04-15,2x7,2x7,2016-04-15,2x7,2x7,2x7,2x7,2x7,2x7,2x7,2016-04-15,2016-04-15,2016-04-15,2x7,2x7,2016-04-15,2x7,2x7,2x7,2x7,2x7,2016-04-15,2x7,2016-04-15,2x7,2016-04-15,2x7,2x7,2x7,2x7,2x7,2x7,2016-04-15,2016-04-15,2x7,2016-04-15,2x7,2x7,2x7,2x7,2x7,2x7,2x7,2016-04-15,2016-04-15,2x7
22,9,2018-04-09,9,9,9,9,9,9,9,9,2018-04-09,9,9,9,2018-04-09,9,9,2018-04-09,9,9,9,9,9,9,9,2018-04-09,2018-04-09,2018-04-09,9,9,2018-04-09,9,9,9,9,9,2018-04-09,9,2018-04-09,9,2018-04-09,9,9,9,9,9,9,2018-04-09,2018-04-09,9,2018-04-09,9,9,9,9,9,9,9,2018-04-09,2018-04-09,9
23,228,2021-01-01,228,228,228,228,228,228,228,228,2021-01-01,228,228,228,2021-01-01,228,228,2021-01-01,228,228,228,228,228,228,228,2021-01-01,2021-01-01,2021-01-01,228,228,2021-01-01,228,228,228,228,228,2021-01-01,228,2021-01-01,228,2021-01-01,228,228,228,228,228,228,2021-01-01,2021-01-01,228,2021-01-01,228,228,228,228,228,228,228,2021-01-01,2021-01-01,228
24,aK1gUILXUG,2018-01-26,aK1gUILXUG,aK1gUILXUG,aK1gUILXUG,aK1gUILXUG,aK1gUILXUG,aK1gUILXUG,aK1gUILXUG,aK1gUILXUG,2018-01-26,aK1gUILXUG,aK1gUILXUG,aK1gUILXUG,2018-01-26,aK1gUILXUG,aK1gUILXUG,2018-01-26,aK1gUILXUG,aK1gUILXUG,aK1gUILXUG,aK1gUILXUG,aK1gUILXUG,aK1gUILXUG,aK1gUILXUG,2018-01-26,2018-01-26,2018-01-26,aK1gUILXUG,aK1gUILXUG,2018-01-26,aK1gUILXUG,aK1gUILXUG,aK1gUILXUG,aK1gUILXUG,aK1gUILXUG,2018-01-26,aK1gUILXUG,2018-01-26,aK1gUILXUG,2018-01-26,aK1gUILXUG,aK1gUILXUG,aK1gUILXUG,aK1gUILXUG,aK1gUILXUG,aK1gUILXUG,2018-01-26,2018-01-26,aK1gUILXUG,2018-01-26,aK1gUILXUG,aK1gUILXUG,aK1gUILXUG,aK1gUILXUG,aK1gUILXUG,aK1gUILXUG,aK1gUILXUG,2018-01-26,2018-01-26,aK1gUILXUG
25,z08RgG2t2,2016-02-13,z08RgG2t2,z08RgG2t2,z08RgG2t2,z08RgG2t2,z08RgG2t2,z08RgG2t2,z08RgG2t2,z08RgG2t2,2016-02-13,z08RgG2t2,z08RgG2t2,z08RgG2t2,2016-02-13,z08RgG2t2,z08RgG2t2,2016-02-13,z08RgG2t2,z08RgG2t2,z08RgG2t2,z08RgG2t2,z08RgG2t2,z08RgG2t2,z08RgG2t2,2016-02-13,2016-02-13,2016-02-13,z08RgG2t2,z08RgG2t2,2016-02-13,z08RgG2t2,z08RgG2t2,z08RgG2t2,z08RgG2t2,z08RgG2t2,2016-02-13,z08RgG2t2,2016-02-13,z08RgG2t2,2016-02-13,z08RgG2t2,z08RgG2t2,z08RgG2t2,z08RgG2t2,z08RgG2t2,z08RgG2t2,2016-02-13,2016-02-13,z08RgG2t2,2016-02-13,z08RgG2t2,z08RgG2t2,z08RgG2t2,z08RgG2t2,z08RgG2t2,z08RgG2t2,z08RgG2t2,2016-02-13,2016-02-13,z08RgG2t2
26,9nk,2018-09-30,9nk,9nk,9nk,9nk,9nk,9nk,9nk,9nk,2018-09-30,9nk,9nk,9nk,2018-09-30,9nk,9nk,2018-09-30,9nk,9nk,9nk,9nk,9nk,9nk,9nk,2018-09-30,2018-09-30,2018-09-30,9nk,9nk,2018-09-30,9nk,9nk,9nk,9nk,9nk,2018-09-30,9nk,2018-09-30,9nk,2018-09-30,9nk,9nk,9nk,9nk,9nk,9nk,2018-09-30,2018-09-30,9nk,2018-09-30,9nk,9nk,9nk,9nk,9nk,9nk,9nk,2018-09-30,2018-09-30,9nk
27,SdH0Z4Rk,2016-09-10,SdH0Z4Rk,SdH0Z4Rk,SdH0Z4Rk,SdH0Z4Rk,SdH0Z4Rk,SdH0Z4Rk,SdH0Z4Rk,SdH0Z4Rk,2016-09-10,SdH0Z4Rk,SdH0Z4Rk,SdH0Z4Rk,2016-09-10,SdH0Z4Rk,SdH0Z4Rk,2016-09-10,SdH0Z4Rk,SdH0Z4Rk,SdH0Z4Rk,SdH0Z4Rk,SdH0Z4Rk,SdH0Z4Rk,SdH0Z4Rk,2016-09-10,2016-09-10,2016-09-10,SdH0Z4Rk,SdH0Z4Rk,2016-09-10,SdH0Z4Rk,SdH0Z4Rk,SdH0Z4Rk,SdH0Z4Rk,SdH0Z4Rk,2016-09-10,SdH0Z4Rk,2016-09-10,SdH0Z4Rk,2016-09-10,SdH0Z4Rk,SdH0Z4Rk,SdH0Z4Rk,SdH0Z4Rk,SdH0Z4Rk,SdH0Z4Rk,2016-09-10,2016-09-10,SdH0Z4Rk,2016-09-10,SdH0Z4Rk,SdH0Z4Rk,SdH0Z4Rk,SdH0Z4Rk,SdH0Z4Rk,SdH0Z4Rk,SdH0Z4Rk,2016-09-10,2016-09-10,SdH0Z4Rk
28,u,2018-06-16,u,u,u,u,u,u,u,u,2018-06-16,u,u,u,2018-06-16,u,u,2018-06-16,u,u,u,u,u,u,u,2018-06-16,2018-06-16,2018-06-16,u,u,2018-06-16,u,u,u,u,u,2018-06-16,u,2018-06-16,u,2018-06-16,u,u,u,u,u,u,2018-06-16,2018-06-16,u,2018-06-16,u,u,u,u,u,u,u,2018-06-16,2018-06-16,u
29,8dpgxi,2022-09-26,8dpgxi,8dpgxi,8dpgxi,8dpgxi,8dpgxi,8dpgxi,8dpgxi,8dpgxi,2022-09-26,8dpgxi,8dpgxi,8dpgxi,2022-09-26,8dpgxi,8dpgxi,2022-09-26,8dpgxi,8dpgxi,8dpgxi,8dpgxi,8dpgxi,8dpgxi,8dpgxi,2022-09-26,2022-09-26,2022-09-26,8dpgxi,8dpgxi,2022-09-26,8dpgxi,8dpgxi,8dpgxi,8dpgxi,8dpgxi,2022-09-26,8dpgxi,2022-09-26,8dpgxi,2022-09-26,8dpgxi,8dpgxi,8dpgxi,8dpgxi,8dpgxi,8dpgxi,2022-09-26,2022-09-26,8dpgxi,2022-09-26,8dpgxi,8dpgxi,8dpgxi,8dpgxi,8dpgxi,8dpgxi,8dpgxi,2022-09-26,2022-09-26,8dpgxi
30,dtk41PV,2019-04-07,dtk41PV,dtk41PV,dtk41PV,dtk41PV,dtk41PV,dtk41PV,dtk41PV,dtk41PV,2019-04-07,dtk41PV,dtk41PV,dtk41PV,2019-04-07,dtk41PV,dtk41PV,2019-04-07,dtk41PV,dtk41PV,dtk41PV,dtk41PV,dtk41PV,dtk41PV,dtk41PV,2019-04-07,2019-04-07,2019-04-07,dtk41PV,dtk41PV,2019-04-07,dtk41PV,dtk41PV,dtk41PV,dtk41PV,dtk41PV,2019-04-07,dtk41PV,2019-04-07,dtk41PV,2019-04-07,dtk41PV,dtk41PV,dtk41PV,dtk41PV,dtk41PV,dtk41PV,2019-04-07,2019-04-07,dtk41PV,2019-04-07,dtk41PV,dtk41PV,dtk41PV,dtk41PV,dtk41PV,dtk41PV,dtk41PV,2019-04-07,2019-04-07,dtk41PV
31,l,2020-08-09,l,l,l,l,l,l,l,l,2020-08-09,l,l,l,2020-08-09,l,l,2020-08-09,l,l,l,l,l,l,l,2020-08-09,2020-08-09,2020-08-09,l,l,2020-08-09,l,l,l,l,l,2020-08-09,l,2020-08-09,l,2020-08-09,l,l,l,l,l,l,2020-08-09,2020-08-09,l,2020-08-09,l,l,l,l,l,l,l,2020-08-09,2020-08-09,l
32,wd,2021-04-02,wd,wd,wd,wd,wd,wd,wd,wd,2021-04-02,wd,wd,wd,2021-04-02,wd,wd,2021-04-02,wd,wd,wd,wd,wd,wd,wd,2021-04-02,2021-04-02,2021-04-02,wd,wd,2021-04-02,wd,wd,wd,wd,wd,2021-04-02,wd,2021-04-02,wd,2021-04-02,wd,wd,wd,wd,wd,wd,2021-04-02,2021-04-02,wd,2021-04-02,wd,wd,wd,wd,wd,wd,wd,2021-04-02,2021-04-02,wd
33,w47k9,2018-12-02,w47k9,w47k9,w47k9,w47k9,w47k9,w47k9,w47k9,w47k9,2018-12-02,w47k9,w47k9,w47k9,2018-12-02,w47k9,w47k9,2018-12-02,w47k9,w47k9,w47k9,w47k9,w47k9,w47k9,w47k9,2018-12-02,2018-12-02,2018-12-02,w47k9,w47k9,2018-12-02,w47k9,w47k9,w47k9,w47k9,w47k9,2018-12-02,w47k9,2018-12-02,w47k9,2018-12-02,w47k9,w47k9,w47k9,w47k9,w47k9,w47k9,2018-12-02,2018-12-02,w47k9,2018-12-02,w47k9,w47k9,w47k9,w47k9,w47k9,w47k9,w47k9,2018-12-02,2018-12-02,w47k9
34,SGr,2017-08-20,SGr,SGr,SGr,SGr,SGr,SGr,SGr,SGr,2017-08-20,SGr,SGr,SGr,2017-08-20,SGr,SGr,2017-08-20,SGr,SGr,SGr,SGr,SGr,SGr,SGr,2017-08-20,2017-08-20,2017-08-20,SGr,SGr,2017-08-20,SGr,SGr,SGr,SGr,SGr,2017-08-20,SGr,2017-08-20,SGr,2017-08-20,SGr,SGr,SGr,SGr,SGr,SGr,2017-08-20,2017-08-20,SGr,2017-08-20,SGr,SGr,SGr,SGr,SGr,SGr,SGr,2017-08-20,2017-08-20,SGr
35,rj,2017-04-12,rj,rj,rj,rj,rj,rj,rj,rj,2017-04-12,rj,rj,rj,2017-04-12,rj,rj,2017-04-12,rj,rj,rj,rj,rj,rj,rj,2017-04-12,2017-04-12,2017-04-12,rj,rj,2017-04-12,rj,rj,rj,rj,rj,2017-04-12,rj,2017-04-12,rj,2017-04-12,rj,rj,rj,rj,rj,rj,2017-04-12,2017-04-12,rj,2017-04-12,rj,rj,rj,rj,rj,rj,rj,2017-04-12,2017-04-12,rj
36,bH,2022-06-29,bH,bH,bH,bH,bH,bH,bH,bH,2022-06-29,bH,bH,bH,2022-06-29,bH,bH,2022-06-29,bH,bH,bH,bH,bH,bH,bH,2022-06-29,2022-06-29,2022-06-29,bH,bH,2022-06-29,bH,bH,bH,bH,bH,2022-06-29,bH,2022-06-29,bH,2022-06-29,bH,bH,bH,bH,bH,bH,2022-06-29,2022-06-29,bH,2022-06-29,bH,bH,bH,bH,bH,bH,bH,2022-06-29,2022-06-29,bH
37,TRk,2016-09-01,TRk,TRk,TRk,TRk,TRk,TRk,TRk,TRk,2016-09-01,TRk,TRk,TRk,2016-09-01,TRk,TRk,2016-09-01,TRk,TRk,TRk,TRk,TRk,TRk,TRk,2016-09-01,2016-09-01,2016-09-01,TRk,TRk,2016-09-01,TRk,TRk,TRk,TRk,TRk,2016-09-01,TRk,2016-09-01,TRk,2016-09-01,TRk,TRk,TRk,TRk,TRk,TRk,2016-09-01,2016-09-01,TRk,2016-09-01,TRk,TRk,TRk,TRk,TRk,TRk,TRk,2016-09-01,2016-09-01,TRk
38,7nrCIp9Z66,2023-04-11,7nrCIp9Z66,7nrCIp9Z66,7nrCIp9Z66,7nrCIp9Z66,7nrCIp9Z66,7nrCIp9Z66,7nrCIp9Z66,7nrCIp9Z66,2023-04-11,7nrCIp9Z66,7nrCIp9Z66,7nrCIp9Z66,2023-04-11,7nrCIp9Z66,7nrCIp9Z66,2023-04-11,7nrCIp9Z66,7nrCIp9Z66,7nrCIp9Z66,7nrCIp9Z66,7nrCIp9Z66,7nrCIp9Z66,7nrCIp9Z66,2023-04-11,2023-04-11,2023-04-11,7nrCIp9Z66,7nrCIp9Z66,2023-04-11,7nrCIp9Z66,7nrCIp9Z66,7nrCIp9Z66,7nrCIp9Z66,7nrCIp9Z66,2023-04-11,7nrCIp9Z66,2023-04-11,7nrCIp9Z66,2023-04-11,7nrCIp9Z66,7nrCIp9Z66,7nrCIp9Z66,7nrCIp9Z66,7nrCIp9Z66,7nrCIp9Z66,2023-04-11,2023-04-11,7nrCIp9Z66,2023-04-11,7nrCIp9Z66,7nrCIp9Z66,7nrCIp9Z66,7nrCIp9Z66,7nrCIp9Z66,7nrCIp9Z66,7nrCIp9Z66,2023-04-11,2023-04-11,7nrCIp9Z66
39,ew2gUULm4Y,2017-07-30,ew2gUULm4Y,ew2gUULm4Y,ew2gUULm4Y,ew2gUULm4Y,ew2gUULm4Y,ew2gUULm4Y,ew2gUULm4Y,ew2gUULm4Y,2017-07-30,ew2gUULm4Y,ew2gUULm4Y,ew2gUULm4Y,2017-07-30,ew2gUULm4Y,ew2gUULm4Y,2017-07-30,ew2gUULm4Y,ew2gUULm4Y,ew2gUULm4Y,ew2gUULm4Y,ew2gUULm4Y,ew2gUULm4Y,ew2gUULm4Y,2017-07-30,2017-07-30,2017-07-30,ew2gUULm4Y,ew2gUULm4Y,2017-07-30,ew2gUULm4Y,ew2gUULm4Y,ew2gUULm4Y,ew2gUULm4Y,ew2gUULm4Y,2017-07-30,ew2gUULm4Y,2017-07-30,ew2gUULm4Y,2017-07-30,ew2gUULm4Y,ew2gUULm4Y,ew2gUULm4Y,ew2gUULm4Y,ew2gUULm4Y,ew2gUULm4Y,2017-07-30,2017-07-30,ew2gUULm4Y,2017-07-30,ew2gUULm4Y,ew2gUULm4Y,ew2gUULm4Y,ew2gUULm4Y,ew2gUULm4Y,ew2gUULm4Y,ew2gUULm4Y,2017-07-30,2017-07-30,ew2gUULm4Y
40,k,2017-04-30,k,k,k,k,k,k,k,k,2017-04-30,k,k,k,2017-04-30,k,k,2017-04-30,k,k,k,k,k,k,k,2017-04-30,2017-04-30,2017-04-30,k,k,2017-04-30,k,k,k,k,k,2017-04-30,k,2017-04-30,k,2017-04-30,k,k,k,k,k,k,2017-04-30,2017-04-30,k,2017-04-30,k,k,k,k,k,k,k,2017-04-30,2017-04-30,k
41,KMw,2016-01-30,KMw,KMw,KMw,KMw,KMw,KMw,KMw,KMw,2016-01-30,KMw,KMw,KMw,2016-01-30,KMw,KMw,2016-01-30,KMw,KMw,KMw,KMw,KMw,KMw,KMw,2016-01-30,2016-01-30,2016-01-30,KMw,KMw,2016-01-30,KMw,KMw,KMw,KMw,KMw,2016-01-30,KMw,2016-01-30,KMw,2016-01-30,KMw,KMw,KMw,KMw,KMw,KMw,2016-01-30,2016-01-30,KMw,2016-01-30,KMw,KMw,KMw,KMw,KMw,KMw,KMw,2016-01-30,2016-01-30,KMw
42,A5tVI2,2019-02-12,A5tVI2,A5tVI2,A5tVI2,A5tVI2,A5tVI2,A5tVI2,A5tVI2,A5tVI2,2019-02-12,A5tVI2,A5tVI2,A5tVI2,2019-02-12,A5tVI2,A5tVI2,2019-02-12,A5tVI2,A5tVI2,A5tVI2,A5tVI2,A5tVI2,A5tVI2,A5tVI2,2019-02-12,2019-02-12,2019-02-12,A5tVI2,A5tVI2,2019-02-12,A5tVI2,A5tVI2,A5tVI2,A5tVI2,A5tVI2,2019-02-12,A5tVI2,2019-02-12,A5tVI2,2019-02-12,A5tVI2,A5tVI2,A5tVI2,A5tVI2,A5tVI2,A5tVI2,2019-02-12,2019-02-12,A5tVI2,2019-02-12,A5tVI2,A5tVI2,A5tVI2,A5tVI2,A5tVI2,A5tVI2,A5tVI2,2019-02-12,2019-02-12,A5tVI2
43,Nj19r,2015-11-09,Nj19r,Nj19r,Nj19r,Nj19r,Nj19r,Nj19r,Nj19r,Nj19r,2015-11-09,Nj19r,Nj19r,Nj19r,2015-11-09,Nj19r,Nj19r,2015-11-09,Nj19r,Nj19r,Nj19r,Nj19r,Nj19r,Nj19r,Nj19r,2015-11-09,2015-11-09,2015-11-09,Nj19r,Nj19r,2015-11-09,Nj19r,Nj19r,Nj19r,Nj19r,Nj19r,2015-11-09,Nj19r,2015-11-09,Nj19r,2015-11-09,Nj19r,Nj19r,Nj19r,Nj19r,Nj19r,Nj19r,2015-11-09,2015-11-09,Nj19r,2015-11-09,Nj19r,Nj19r,Nj19r,Nj19r,Nj19r,Nj19r,Nj19r,2015-11-09,2015-11-09,Nj19r
44,5Gy0yU,2017-10-03,5Gy0yU,5Gy0yU,5Gy0yU,5Gy0yU,5Gy0yU,5Gy0yU,5Gy0yU,5Gy0yU,2017-10-03,5Gy0yU,5Gy0yU,5Gy0yU,2017-10-03,5Gy0yU,5Gy0yU,2017-10-03,5Gy0yU,5Gy0yU,5Gy0yU,5Gy0yU,5Gy0yU,5Gy0yU,5Gy0yU,2017-10-03,2017-10-03,2017-10-03,5Gy0yU,5Gy0yU,2017-10-03,5Gy0yU,5Gy0yU,5Gy0yU,5Gy0yU,5Gy0yU,2017-10-03,5Gy0yU,2017-10-03,5Gy0yU,2017-10-03,5Gy0yU,5Gy0yU,5Gy0yU,5Gy0yU,5Gy0yU,5Gy0yU,2017-10-03,2017-10-03,5Gy0yU,2017-10-03,5Gy0yU,5Gy0yU,5Gy0yU,5Gy0yU,5Gy0yU,5Gy0yU,5Gy0yU,2017-10-03,2017-10-03,5Gy0yU
45,q2HHXwcZQx,2020-12-06,q2HHXwcZQx,q2HHXwcZQx,q2HHXwcZQx,q2HHXwcZQx,q2HHXwcZQx,q2HHXwcZQx,q2HHXwcZQx,q2HHXwcZQx,2020-12-06,q2HHXwcZQx,q2HHXwcZQx,q2HHXwcZQx,2020-12-06,q2HHXwcZQx,q2HHXwcZQx,2020-12-06,q2HHXwcZQx,q2HHXwcZQx,q2HHXwcZQx,q2HHXwcZQx,q2HHXwcZQx,q2HHXwcZQx,q2HHXwcZQx,2020-12-06,2020-12-06,2020-12-06,q2HHXwcZQx,q2HHXwcZQx,2020-12-06,q2HHXwcZQx,q2HHXwcZQx,q2HHXwcZQx,q2HHXwcZQx,q2HHXwcZQx,2020-12-06,q2HHXwcZQx,2020-12-06,q2HHXwcZQx,2020-12-06,q2HHXwcZQx,q2HHXwcZQx,q2HHXwcZQx,q2HHXwcZQx,q2HHXwcZQx,q2HHXwcZQx,2020-12-06,2020-12-06,q2HHXwcZQx,2020-12-06,q2HHXwcZQx,q2HHXwcZQx,q2HHXwcZQx,q2HHXwcZQx,q2HHXwcZQx,q2HHXwcZQx,q2HHXwcZQx,2020-12-06,2020-12-06,q2HHXwcZQx
46,7vtfz,2020-11-01,7vtfz,7vtfz,7vtfz,7vtfz,7vtfz,7vtfz,7vtfz,7vtfz,2020-11-01,7vtfz,7vtfz,7vtfz,2020-11-01,7vtfz,7vtfz,2020-11-01,7vtfz,7vtfz,7vtfz,7vtfz,7vtfz,7vtfz,7vtfz,2020-11-01,2020-11-01,2020-11-01,7vtfz,7vtfz,2020-11-01,7vtfz,7vtfz,7vtfz,7vtfz,7vtfz,2020-11-01,7vtfz,2020-11-01,7vtfz,2020-11-01,7vtfz,7vtfz,7vtfz,7vtfz,7vtfz,7vtfz,2020-11-01,2020-11-01,7vtfz,2020-11-01,7vtfz,7vtfz,7vtfz,7vtfz,7vtfz,7vtfz,7vtfz,2020-11-01,2020-11-01,7vtfz
47,cegBS,2018-10-22,cegBS,cegBS,cegBS,cegBS,cegBS,cegBS,cegBS,cegBS,2018-10-22,cegBS,cegBS,cegBS,2018-10-22,cegBS,cegBS,2018-10-22,cegBS,cegBS,cegBS,cegBS,cegBS,cegBS,cegBS,2018-10-22,2018-10-22,2018-10-22,cegBS,cegBS,2018-10-22,cegBS,cegBS,cegBS,cegBS,cegBS,2018-10-22,cegBS,2018-10-22,cegBS,2018-10-22,cegBS,cegBS,cegBS,cegBS,cegBS,cegBS,2018-10-22,2018-10-22,cegBS,2018-10-22,cegBS,cegBS,cegBS,cegBS,cegBS,cegBS,cegBS,2018-10-22,2018-10-22,cegBS
48,ckoHL8Tjd,2015-07-20,ckoHL8Tjd,ckoHL8Tjd,ckoHL8Tjd,ckoHL8Tjd,ckoHL8Tjd,ckoHL8Tjd,ckoHL8Tjd,ckoHL8Tjd,2015-07-20,ckoHL8Tjd,ckoHL8Tjd,ckoHL8Tjd,2015-07-20,ckoHL8Tjd,ckoHL8Tjd,2015-07-20,ckoHL8Tjd,ckoHL8Tjd,ckoHL8Tjd,ckoHL8Tjd,ckoHL8Tjd,ckoHL8Tjd,ckoHL8Tjd,2015-07-20,2015-07-20,2015-07-20,ckoHL8Tjd,ckoHL8Tjd,2015-07-20,ckoHL8Tjd,ckoHL8Tjd,ckoHL8Tjd,ckoHL8Tjd,ckoHL8Tjd,2015-07-20,ckoHL8Tjd,2015-07-20,ckoHL8Tjd,2015-07-20,ckoHL8Tjd,ckoHL8Tjd,ckoHL8Tjd,ckoHL8Tjd,ckoHL8Tjd,ckoHL8Tjd,2015-07-20,2015-07-20,ckoHL8Tjd,2015-07-20,ckoHL8Tjd,ckoHL8Tjd,ckoHL8Tjd,ckoHL8Tjd,ckoHL8Tjd,ckoHL8Tjd,ckoHL8Tjd,2015-07-20,2015-07-20,ckoHL8Tjd
49,CS9J,2019-09-20,CS9J,CS9J,CS9J,CS9J,CS9J,CS9J,CS9J,CS9J,2019-09-20,CS9J,CS9J,CS9J,2019-09-20,CS9J,CS9J,2019-09-20,CS9J,CS9J,CS9J,CS9J,CS9J,CS9J,CS9J,2019-09-20,2019-09-20,2019-09-20,CS9J,CS9J,2019-09-20,CS9J,CS9J,CS9J,CS9J,CS9J,2019-09-20,CS9J,2019-09-20,CS9J,2019-09-20,CS9J,CS9J,CS9J,CS9J,CS9J,CS9J,2019-09-20,2019-09-20,CS9J,2019-09-20,CS9J,CS9J,CS9J,CS9J,CS9J,CS9J,CS9J,2019-09-20,2019-09-20,CS9J
50,2Bu4,2022-07-03,2Bu4,2Bu4,2Bu4,2Bu4,2Bu4,2Bu4,2Bu4,2Bu4,2022-07-03,2Bu4,2Bu4,2Bu4,2022-07-03,2Bu4,2Bu4,2022-07-03,2Bu4,2Bu4,2Bu4,2Bu4,2Bu4,2Bu4,2Bu4,2022-07-03,2022-07-03,2022-07-03,2Bu4,2Bu4,2022-07-03,2Bu4,2Bu4,2Bu4,2Bu4,2Bu4,2022-07-03,2Bu4,2022-07-03,2Bu4,2022-07-03,2Bu4,2Bu4,2Bu4,2Bu4,2Bu4,2Bu4,2022-07-03,2022-07-03,2Bu4,2022-07-03,2Bu4,2Bu4,2Bu4,2Bu4,2Bu4,2Bu4,2Bu4,2022-07-03,2022-07-03,2Bu4
51,XHe1Sm6,2017-09-10,XHe1Sm6,XHe1Sm6,XHe1Sm6,XHe1Sm6,XHe1Sm6,XHe1Sm6,XHe1Sm6,XHe1Sm6,2017-09-10,XHe1Sm6,XHe1Sm6,XHe1Sm6,2017-09-10,XHe1Sm6,XHe1Sm6,2017-09-10,XHe1Sm6,XHe1Sm6,XHe1Sm6,XHe1Sm6,XHe1Sm6,XHe1Sm6,XHe1Sm6,2017-09-10,2017-09-10,2017-09-10,XHe1Sm6,XHe1Sm6,2017-09-10,XHe1Sm6,XHe1Sm6,XHe1Sm6,XHe1Sm6,XHe1Sm6,2017-09-10,XHe1Sm6,2017-09-10,XHe1Sm6,2017-09-10,XHe1Sm6,XHe1Sm6,XHe1Sm6,XHe1Sm6,XHe1Sm6,XHe1Sm6,2017-09-10,2017-09-10,XHe1Sm6,2017-09-10,XHe1Sm6,XHe1Sm6,XHe1Sm6,XHe1Sm6,XHe1Sm6,XHe1Sm6,XHe1Sm6,2017-09-10,2017-09-10,XHe1Sm6
52,eDsZ1RE6wl,2023-03-24,eDsZ1RE6wl,eDsZ1RE6wl,eDsZ1RE6wl,eDsZ1RE6wl,eDsZ1RE6wl,eDsZ1RE6wl,eDsZ1RE6wl,eDsZ1RE6wl,2023-03-24,eDsZ1RE6wl,eDsZ1RE6wl,eDsZ1RE6wl,2023-03-24,eDsZ1RE6wl,eDsZ1RE6wl,2023-03-24,eDsZ1RE6wl,eDsZ1RE6wl,eDsZ1RE6wl,eDsZ1RE6wl,eDsZ1RE6wl,eDsZ1RE6wl,eDsZ1RE6wl,2023-03-24,2023-03-24,2023-03-24,eDsZ1RE6wl,eDsZ1RE6wl,2023-03-24,eDsZ1RE6wl,eDsZ1RE6wl,eDsZ1RE6wl,eDsZ1RE6wl,eDsZ1RE6wl,2023-03-24,eDsZ1RE6wl,2023-03-24,eDsZ1RE6wl,2023-03-24,eDsZ1RE6wl,eDsZ1RE6wl,eDsZ1RE6wl,eDsZ1RE6wl,eDsZ1RE6wl,eDsZ1RE6wl,2023-03-24,2023-03-24,eDsZ1RE6wl,2023-03-24,eDsZ1RE6wl,eDsZ1RE6wl,eDsZ1RE6wl,eDsZ1RE6wl,eDsZ1RE6wl,eDsZ1RE6wl,eDsZ1RE6wl,2023-03-24,2023-03-24,eDsZ1RE6wl
53,8bw,2017-06-07,8bw,8bw,8bw,8bw,8bw,8bw,8bw,8bw,2017-06-07,8bw,8bw,8bw,2017-06-07,8bw,8bw,2017-06-07,8bw,8bw,8bw,8bw,8bw,8bw,8bw,2017-06-07,2017-06-07,2017-06-07,8bw,8bw,2017-06-07,8bw,8bw,8bw,8bw,8bw,2017-06-07,8bw,2017-06-07,8bw,2017-06-07,8bw,8bw,8bw,8bw,8bw,8bw,2017-06-07,2017-06-07,8bw,2017-06-07,8bw,8bw,8bw,8bw,8bw,8bw,8bw,2017-06-07,2017-06-07,8bw
54,aPqBKcz,2019-12-19,aPqBKcz,aPqBKcz,aPqBKcz,aPqBKcz,aPqBKcz,aPqBKcz,aPqBKcz,aPqBKcz,2019-12-19,aPqBKcz,aPqBKcz,aPqBKcz,2019-12-19,aPqBKcz,aPqBKcz,2019-12-19,aPqBKcz,aPqBKcz,aPqBKcz,aPqBKcz,aPqBKcz,aPqBKcz,aPqBKcz,2019-12-19,2019-12-19,2019-12-19,aPqBKcz,aPqBKcz,2019-12-19,aPqBKcz,aPqBKcz,aPqBKcz,aPqBKcz,aPqBKcz,2019-12-19,aPqBKcz,2019-12-19,aPqBKcz,2019-12-19,aPqBKcz,aPqBKcz,aPqBKcz,aPqBKcz,aPqBKcz,aPqBKcz,2019-12-19,2019-12-19,aPqBKcz,2019-12-19,aPqBKcz,aPqBKcz,aPqBKcz,aPqBKcz,aPqBKcz,aPqBKcz,aPqBKcz,2019-12-19,2019-12-19,aPqBKcz
55,zEphJLR,2017-04-22,zEphJLR,zEphJLR,zEphJLR,zEphJLR,zEphJLR,zEphJLR,zEphJLR,zEphJLR,2017-04-22,zEphJLR,zEphJLR,zEphJLR,2017-04-22,zEphJLR,zEphJLR,2017-04-22,zEphJLR,zEphJLR,zEphJLR,zEphJLR,zEphJLR,zEphJLR,zEphJLR,2017-04-22,2017-04-22,2017-04-22,zEphJLR,zEphJLR,2017-04-22,zEphJLR,zEphJLR,zEphJLR,zEphJLR,zEphJLR,2017-04-22,zEphJLR,2017-04-22,zEphJLR,2017-04-22,zEphJLR,zEphJLR,zEphJLR,zEphJLR,zEphJLR,zEphJLR,2017-04-22,2017-04-22,zEphJLR,2017-04-22,zEphJLR,zEphJLR,zEphJLR,zEphJLR,zEphJLR,zEphJLR,zEphJLR,2017-04-22,2017-04-22,zEphJLR
56,oy,2018-12-07,oy,oy,oy,oy,oy,oy,oy,oy,2018-12-07,oy,oy,oy,2018-12-07,oy,oy,2018-12-07,oy,oy,oy,oy,oy,oy,oy,2018-12-07,2018-12-07,2018-12-07,oy,oy,2018-12-07,oy,oy,oy,oy,oy,2018-12-07,oy,2018-12-07,oy,2018-12-07,oy,oy,oy,oy,oy,oy,2018-12-07,2018-12-07,oy,2018-12-07,oy,oy,oy,oy,oy,oy,oy,2018-12-07,2018-12-07,oy
57,cIyvqkas,2018-09-03,cIyvqkas,cIyvqkas,cIyvqkas,cIyvqkas,cIyvqkas,cIyvqkas,cIyvqkas,cIyvqkas,2018-09-03,cIyvqkas,cIyvqkas,cIyvqkas,2018-09-03,cIyvqkas,cIyvqkas,2018-09-03,cIyvqkas,cIyvqkas,cIyvqkas,cIyvqkas,cIyvqkas,cIyvqkas,cIyvqkas,2018-09-03,2018-09-03,2018-09-03,cIyvqkas,cIyvqkas,2018-09-03,cIyvqkas,cIyvqkas,cIyvqkas,cIyvqkas,cIyvqkas,2018-09-03,cIyvqkas,2018-09-03,cIyvqkas,2018-09-03,cIyvqkas,cIyvqkas,cIyvqkas,cIyvqkas,cIyvqkas,cIyvqkas,2018-09-03,2018-09-03,cIyvqkas,2018-09-03,cIyvqkas,cIyvqkas,cIyvqkas,cIyvqkas,cIyvqkas,cIyvqkas,cIyvqkas,2018-09-03,2018-09-03,cIyvqkas
58,eBp,2021-05-30,eBp,eBp,eBp,eBp,eBp,eBp,eBp,eBp,2021-05-30,eBp,eBp,eBp,2021-05-30,eBp,eBp,2021-05-30,eBp,eBp,eBp,eBp,eBp,eBp,eBp,2021-05-30,2021-05-30,2021-05-30,eBp,eBp,2021-05-30,eBp,eBp,eBp,eBp,eBp,2021-05-30,eBp,2021-05-30,eBp,2021-05-30,eBp,eBp,eBp,eBp,eBp,eBp,2021-05-30,2021-05-30,eBp,2021-05-30,eBp,eBp,eBp,eBp,eBp,eBp,eBp,2021-05-30,2021-05-30,eBp
59,oU5E8xyPUL,2023-04-08,oU5E8xyPUL,oU5E8xyPUL,oU5E8xyPUL,oU5E8xyPUL,oU5E8xyPUL,oU5E8xyPUL,oU5E8xyPUL,oU5E8xyPUL,2023-04-08,oU5E8xyPUL,oU5E8xyPUL,oU5E8xyPUL,2023-04-08,oU5E8xyPUL,oU5E8xyPUL,2023-04-08,oU5E8xyPUL,oU5E8xyPUL,oU5E8xyPUL,oU5E8xyPUL,oU5E8xyPUL,oU5E8xyPUL,oU5E8xyPUL,2023-04-08,2023-04-08,2023-04-08,oU5E8xyPUL,oU5E8xyPUL,2023-04-08,oU5E8xyPUL,oU5E8xyPUL,oU5E8xyPUL,oU5E8xyPUL,oU5E8xyPUL,2023-04-08,oU5E8xyPUL,2023-04-08,oU5E8xyPUL,2023-04-08,oU5E8xyPUL,oU5E8xyPUL,oU5E8xyPUL,oU5E8xyPUL,oU5E8xyPUL,oU5E8xyPUL,2023-04-08,2023-04-08,oU5E8xyPUL,2023-04-08,oU5E8xyPUL,oU5E8xyPUL,oU5E8xyPUL,oU5E8xyPUL,oU5E8xyPUL,oU5E8xyPUL,oU5E8xyPUL,2023-04-08,2023-04-08,oU5E8xyPUL
60,4zwQ,2020-07-31,4zwQ,4zwQ,4zwQ,4zwQ,4zwQ,4zwQ,4zwQ,4zwQ,2020-07-31,4zwQ,4zwQ,4zwQ,2020-07-31,4zwQ,4zwQ,2020-07-31,4zwQ,4zwQ,4zwQ,4zwQ,4zwQ,4zwQ,4zwQ,2020-07-31,2020-07-31,2020-07-31,4zwQ,4zwQ,2020-07-31,4zwQ,4zwQ,4zwQ,4zwQ,4zwQ,2020-07-31,4zwQ,2020-07-31,4zwQ,2020-07-31,4zwQ,4zwQ,4zwQ,4zwQ,4zwQ,4zwQ,2020-07-31,2020-07-31,4zwQ,2020-07-31,4zwQ,4zwQ,4zwQ,4zwQ,4zwQ,4zwQ,4zwQ,2020-07-31,2020-07-31,4zwQ
61,TBI,2016-11-05,TBI,TBI,TBI,TBI,TBI,TBI,TBI,TBI,2016-11-05,TBI,TBI,TBI,2016-11-05,TBI,TBI,2016-11-05,TBI,TBI,TBI,TBI,TBI,TBI,TBI,2016-11-05,2016-11-05,2016-11-05,TBI,TBI,2016-11-05,TBI,TBI,TBI,TBI,TBI,2016-11-05,TBI,2016-11-05,TBI,2016-11-05,TBI,TBI,TBI,TBI,TBI,TBI,2016-11-05,2016-11-05,TBI,2016-11-05,TBI,TBI,TBI,TBI,TBI,TBI,TBI,2016-11-05,2016-11-05,TBI
62,9Kyh1Iu7N1,2020-02-03,9Kyh1Iu7N1,9Kyh1Iu7N1,9Kyh1Iu7N1,9Kyh1Iu7N1,9Kyh1Iu7N1,9Kyh1Iu7N1,9Kyh1Iu7N1,9Kyh1Iu7N1,2020-02-03,9Kyh1Iu7N1,9Kyh1Iu7N1,9Kyh1Iu7N1,2020-02-03,9Kyh1Iu7N1,9Kyh1Iu7N1,2020-02-03,9Kyh1Iu7N1,9Kyh1Iu7N1,9Kyh1Iu7N1,9Kyh1Iu7N1,9Kyh1Iu7N1,9Kyh1Iu7N1,9Kyh1Iu7N1,2020-02-03,2020-02-03,2020-02-03,9Kyh1Iu7N1,9Kyh1Iu7N1,2020-02-03,9Kyh1Iu7N1,9Kyh1Iu7N1,9Kyh1Iu7N1,9Kyh1Iu7N1,9Kyh1Iu7N1,2020-02-03,9Kyh1Iu7N1,2020-02-03,9Kyh1Iu7N1,2020-02-03,9Kyh1Iu7N1,9Kyh1Iu7N1,9Kyh1Iu7N1,9Kyh1Iu7N1,9Kyh1Iu7N1,9Kyh1Iu7N1,2020-02-03,2020-02-03,9Kyh1Iu7N1,2020-02-03,9Kyh1Iu7N1,9Kyh1Iu7N1,9Kyh1Iu7N1,9Kyh1Iu7N1,9Kyh1Iu7N1,9Kyh1Iu7N1,9Kyh1Iu7N1,2020-02-03,2020-02-03,9Kyh1Iu7N1
63,C,2015-06-03,C,C,C,C,C,C,C,C,2015-06-03,C,C,C,2015-06-03,C,C,2015-06-03,C,C,C,C,C,C,C,2015-06-03,2015-06-03,2015-06-03,C,C,2015-06-03,C,C,C,C,C,2015-06-03,C,2015-06-03,C,2015-06-03,C,C,C,C,C,C,2015-06-03,2015-06-03,C,2015-06-03,C,C,C,C,C,C,C,2015-06-03,2015-06-03,C
64,yWW,2022-12-17,yWW,yWW,yWW,yWW,yWW,yWW,yWW,yWW,2022-12-17,yWW,yWW,yWW,2022-12-17,yWW,yWW,2022-12-17,yWW,yWW,yWW,yWW,yWW,yWW,yWW,2022-12-17,2022-12-17,2022-12-17,yWW,yWW,2022-12-17,yWW,yWW,yWW,yWW,yWW,2022-12-17,yWW,2022-12-17,yWW,2022-12-17,yWW,yWW,yWW,yWW,yWW,yWW,2022-12-17,2022-12-17,yWW,2022-12-17,yWW,yWW,yWW,yWW,yWW,yWW,yWW,2022-12-17,2022-12-17,yWW
65,86,2019-01-24,86,86,86,86,86,86,86,86,2019-01-24,86,86,86,2019-01-24,86,86,2019-01-24,86,86,86,86,86,86,86,2019-01-24,2019-01-24,2019-01-24,86,86,2019-01-24,86,86,86,86,86,2019-01-24,86,2019-01-24,86,2019-01-24,86,86,86,86,86,86,2019-01-24,2019-01-24,86,2019-01-24,86,86,86,86,86,86,86,2019-01-24,2019-01-24,86
66,YK1PRelsd,2019-09-24,YK1PRelsd,YK1PRelsd,YK1PRelsd,YK1PRelsd,YK1PRelsd,YK1PRelsd,YK1PRelsd,YK1PRelsd,2019-09-24,YK1PRelsd,YK1PRelsd,YK1PRelsd,2019-09-24,YK1PRelsd,YK1PRelsd,2019-09-24,YK1PRelsd,YK1PRelsd,YK1PRelsd,YK1PRelsd,YK1PRelsd,YK1PRelsd,YK1PRelsd,2019-09-24,2019-09-24,2019-09-24,YK1PRelsd,YK1PRelsd,2019-09-24,YK1PRelsd,YK1PRelsd,YK1PRelsd,YK1PRelsd,YK1PRelsd,2019-09-24,YK1PRelsd,2019-09-24,YK1PRelsd,2019-09-24,YK1PRelsd,YK1PRelsd,YK1PRelsd,YK1PRelsd,YK1PRelsd,YK1PRelsd,2019-09-24,2019-09-24,YK1PRelsd,2019-09-24,YK1PRelsd,YK1PRelsd,YK1PRelsd,YK1PRelsd,YK1PRelsd,YK1PRelsd,YK1PRelsd,2019-09-24,2019-09-24,YK1PRelsd
67,gbLRY4vMuF,2021-05-09,gbLRY4vMuF,gbLRY4vMuF,gbLRY4vMuF,gbLRY4vMuF,gbLRY4vMuF,gbLRY4vMuF,gbLRY4vMuF,gbLRY4vMuF,2021-05-09,gbLRY4vMuF,gbLRY4vMuF,gbLRY4vMuF,2021-05-09,gbLRY4vMuF,gbLRY4vMuF,2021-05-09,gbLRY4vMuF,gbLRY4vMuF,gbLRY4vMuF,gbLRY4vMuF,gbLRY4vMuF,gbLRY4vMuF,gbLRY4vMuF,2021-05-09,2021-05-09,2021-05-09,gbLRY4vMuF,gbLRY4vMuF,2021-05-09,gbLRY4vMuF,gbLRY4vMuF,gbLRY4vMuF,gbLRY4vMuF,gbLRY4vMuF,2021-05-09,gbLRY4vMuF,2021-05-09,gbLRY4vMuF,2021-05-09,gbLRY4vMuF,gbLRY4vMuF,gbLRY4vMuF,gbLRY4vMuF,gbLRY4vMuF,gbLRY4vMuF,2021-05-09,2021-05-09,gbLRY4vMuF,2021-05-09,gbLRY4vMuF,gbLRY4vMuF,gbLRY4vMuF,gbLRY4vMuF,gbLRY4vMuF,gbLRY4vMuF,gbLRY4vMuF,2021-05-09,2021-05-09,gbLRY4vMuF
68,yCJyDihhOs,2018-09-11,yCJyDihhOs,yCJyDihhOs,yCJyDihhOs,yCJyDihhOs,yCJyDihhOs,yCJyDihhOs,yCJyDihhOs,yCJyDihhOs,2018-09-11,yCJyDihhOs,yCJyDihhOs,yCJyDihhOs,2018-09-11,yCJyDihhOs,yCJyDihhOs,2018-09-11,yCJyDihhOs,yCJyDihhOs,yCJyDihhOs,yCJyDihhOs,yCJyDihhOs,yCJyDihhOs,yCJyDihhOs,2018-09-11,2018-09-11,2018-09-11,yCJyDihhOs,yCJyDihhOs,2018-09-11,yCJyDihhOs,yCJyDihhOs,yCJyDihhOs,yCJyDihhOs,yCJyDihhOs,2018-09-11,yCJyDihhOs,2018-09-11,yCJyDihhOs,2018-09-11,yCJyDihhOs,yCJyDihhOs,yCJyDihhOs,yCJyDihhOs,yCJyDihhOs,yCJyDihhOs,2018-09-11,2018-09-11,yCJyDihhOs,2018-09-11,yCJyDihhOs,yCJyDihhOs,yCJyDihhOs,yCJyDihhOs,yCJyDihhOs,yCJyDihhOs,yCJyDihhOs,2018-09-11,2018-09-11,yCJyDihhOs
69,1cR,2016-05-13,1cR,1cR,1cR,1cR,1cR,1cR,1cR,1cR,2016-05-13,1cR,1cR,1cR,2016-05-13,1cR,1cR,2016-05-13,1cR,1cR,1cR,1cR,1cR,1cR,1cR,2016-05-13,2016-05-13,2016-05-13,1cR,1cR,2016-05-13,1cR,1cR,1cR,1cR,1cR,2016-05-13,1cR,2016-05-13,1cR,2016-05-13,1cR,1cR,1cR,1cR,1cR,1cR,2016-05-13,2016-05-13,1cR,2016-05-13,1cR,1cR,1cR,1cR,1cR,1cR,1cR,2016-05-13,2016-05-13,1cR
70,lkphqpr,2023-04-01,lkphqpr,lkphqpr,lkphqpr,lkphqpr,lkphqpr,lkphqpr,lkphqpr,lkphqpr,2023-04-01,lkphqpr,lkphqpr,lkphqpr,2023-04-01,lkphqpr,lkphqpr,2023-04-01,lkphqpr,lkphqpr,lkphqpr,lkphqpr,lkphqpr,lkphqpr,lkphqpr,2023-04-01,2023-04-01,2023-04-01,lkphqpr,lkphqpr,2023-04-01,lkphqpr,lkphqpr,lkphqpr,lkphqpr,lkphqpr,2023-04-01,lkphqpr,2023-04-01,lkphqpr,2023-04-01,lkphqpr,lkphqpr,lkphqpr,lkphqpr,lkphqpr,lkphqpr,2023-04-01,2023-04-01,lkphqpr,2023-04-01,lkphqpr,lkphqpr,lkphqpr,lkphqpr,lkphqpr,lkphqpr,lkphqpr,2023-04-01,2023-04-01,lkphqpr
71,cPQCkWR,2017-11-08,cPQCkWR,cPQCkWR,cPQCkWR,cPQCkWR,cPQCkWR,cPQCkWR,cPQCkWR,cPQCkWR,2017-11-08,cPQCkWR,cPQCkWR,cPQCkWR,2017-11-08,cPQCkWR,cPQCkWR,2017-11-08,cPQCkWR,cPQCkWR,cPQCkWR,cPQCkWR,cPQCkWR,cPQCkWR,cPQCkWR,2017-11-08,2017-11-08,2017-11-08,cPQCkWR,cPQCkWR,2017-11-08,cPQCkWR,cPQCkWR,cPQCkWR,cPQCkWR,cPQCkWR,2017-11-08,cPQCkWR,2017-11-08,cPQCkWR,2017-11-08,cPQCkWR,cPQCkWR,cPQCkWR,cPQCkWR,cPQCkWR,cPQCkWR,2017-11-08,2017-11-08,cPQCkWR,2017-11-08,cPQCkWR,cPQCkWR,cPQCkWR,cPQCkWR,cPQCkWR,cPQCkWR,cPQCkWR,2017-11-08,2017-11-08,cPQCkWR
72,LUV1F,2018-03-17,LUV1F,LUV1F,LUV1F,LUV1F,LUV1F,LUV1F,LUV1F,LUV1F,2018-03-17,LUV1F,LUV1F,LUV1F,2018-03-17,LUV1F,LUV1F,2018-03-17,LUV1F,LUV1F,LUV1F,LUV1F,LUV1F,LUV1F,LUV1F,2018-03-17,2018-03-17,2018-03-17,LUV1F,LUV1F,2018-03-17,LUV1F,LUV1F,LUV1F,LUV1F,LUV1F,2018-03-17,LUV1F,2018-03-17,LUV1F,2018-03-17,LUV1F,LUV1F,LUV1F,LUV1F,LUV1F,LUV1F,2018-03-17,2018-03-17,LUV1F,2018-03-17,LUV1F,LUV1F,LUV1F,LUV1F,LUV1F,LUV1F,LUV1F,2018-03-17,2018-03-17,LUV1F
73,PCOB5G7,2017-08-29,PCOB5G7,PCOB5G7,PCOB5G7,PCOB5G7,PCOB5G7,PCOB5G7,PCOB5G7,PCOB5G7,2017-08-29,PCOB5G7,PCOB5G7,PCOB5G7,2017-08-29,PCOB5G7,PCOB5G7,2017-08-29,PCOB5G7,PCOB5G7,PCOB5G7,PCOB5G7,PCOB5G7,PCOB5G7,PCOB5G7,2017-08-29,2017-08-29,2017-08-29,PCOB5G7,PCOB5G7,2017-08-29,PCOB5G7,PCOB5G7,PCOB5G7,PCOB5G7,PCOB5G7,2017-08-29,PCOB5G7,2017-08-29,PCOB5G7,2017-08-29,PCOB5G7,PCOB5G7,PCOB5G7,PCOB5G7,PCOB5G7,PCOB5G7,2017-08-29,2017-08-29,PCOB5G7,2017-08-29,PCOB5G7,PCOB5G7,PCOB5G7,PCOB5G7,PCOB5G7,PCOB5G7,PCOB5G7,2017-08-29,2017-08-29,PCOB5G7
74,NL,2022-12-14,NL,NL,NL,NL,NL,NL,NL,NL,2022-12-14,NL,NL,NL,2022-12-14,NL,NL,2022-12-14,NL,NL,NL,NL,NL,NL,NL,2022-12-14,2022-12-14,2022-12-14,NL,NL,2022-12-14,NL,NL,NL,NL,NL,2022-12-14,NL,2022-12-14,NL,2022-12-14,NL,NL,NL,NL,NL,NL,2022-12-14,2022-12-14,NL,2022-12-14,NL,NL,NL,NL,NL,NL,NL,2022-12-14,2022-12-14,NL
75,LJ,2021-06-11,LJ,LJ,LJ,LJ,LJ,LJ,LJ,LJ,2021-06-11,LJ,LJ,LJ,2021-06-11,LJ,LJ,2021-06-11,LJ,LJ,LJ,LJ,LJ,LJ,LJ,2021-06-11,2021-06-11,2021-06-11,LJ,LJ,2021-06-11,LJ,LJ,LJ,LJ,LJ,2021-06-11,LJ,2021-06-11,LJ,2021-06-11,LJ,LJ,LJ,LJ,LJ,LJ,2021-06-11,2021-06-11,LJ,2021-06-11,LJ,LJ,LJ,LJ,LJ,LJ,LJ,2021-06-11,2021-06-11,LJ
76,GlpF4,2018-09-07,GlpF4,GlpF4,GlpF4,GlpF4,GlpF4,GlpF4,GlpF4,GlpF4,2018-09-07,GlpF4,GlpF4,GlpF4,2018-09-07,GlpF4,GlpF4,2018-09-07,GlpF4,GlpF4,GlpF4,GlpF4,GlpF4,GlpF4,GlpF4,2018-09-07,2018-09-07,2018-09-07,GlpF4,GlpF4,2018-09-07,GlpF4,GlpF4,GlpF4,GlpF4,GlpF4,2018-09-07,GlpF4,2018-09-07,GlpF4,2018-09-07,GlpF4,GlpF4,GlpF4,GlpF4,GlpF4,GlpF4,2018-09-07,2018-09-07,GlpF4,2018-09-07,GlpF4,GlpF4,GlpF4,GlpF4,GlpF4,GlpF4,GlpF4,2018-09-07,2018-09-07,GlpF4
77,9orT,2019-12-27,9orT,9orT,9orT,9orT,9orT,9orT,9orT,9orT,2019-12-27,9orT,9orT,9orT,2019-12-27,9orT,9orT,2019-12-27,9orT,9orT,9orT,9orT,9orT,9orT,9orT,2019-12-27,2019-12-27,2019-12-27,9orT,9orT,2019-12-27,9orT,9orT,9orT,9orT,9orT,2019-12-27,9orT,2019-12-27,9orT,2019-12-27,9orT,9orT,9orT,9orT,9orT,9orT,2019-12-27,2019-12-27,9orT,2019-12-27,9orT,9orT,9orT,9orT,9orT,9orT,9orT,2019-12-27,2019-12-27,9orT
78,pygIe,2018-10-29,pygIe,pygIe,pygIe,pygIe,pygIe,pygIe,pygIe,pygIe,2018-10-29,pygIe,pygIe,pygIe,2018-10-29,pygIe,pygIe,2018-10-29,pygIe,pygIe,pygIe,pygIe,pygIe,pygIe,pygIe,2018-10-29,2018-10-29,2018-10-29,pygIe,pygIe,2018-10-29,pygIe,pygIe,pygIe,pygIe,pygIe,2018-10-29,pygIe,2018-10-29,pygIe,2018-10-29,pygIe,pygIe,pygIe,pygIe,pygIe,pygIe,2018-10-29,2018-10-29,pygIe,2018-10-29,pygIe,pygIe,pygIe,pygIe,pygIe,pygIe,pygIe,2018-10-29,2018-10-29,pygIe
79,w,2016-01-28,w,w,w,w,w,w,w,w,2016-01-28,w,w,w,2016-01-28,w,w,2016-01-28,w,w,w,w,w,w,w,2016-01-28,2016-01-28,2016-01-28,w,w,2016-01-28,w,w,w,w,w,2016-01-28,w,2016-01-28,w,2016-01-28,w,w,w,w,w,w,2016-01-28,2016-01-28,w,2016-01-28,w,w,w,w,w,w,w,2016-01-28,2016-01-28,w
80,xhYujdr8kU,2018-07-28,xhYujdr8kU,xhYujdr8kU,xhYujdr8kU,xhYujdr8kU,xhYujdr8kU,xhYujdr8kU,xhYujdr8kU,xhYujdr8kU,2018-07-28,xhYujdr8kU,xhYujdr8kU,xhYujdr8kU,2018-07-28,xhYujdr8kU,xhYujdr8kU,2018-07-28,xhYujdr8kU,xhYujdr8kU,xhYujdr8kU,xhYujdr8kU,xhYujdr8kU,xhYujdr8kU,xhYujdr8kU,2018-07-28,2018-07-28,2018-07-28,xhYujdr8kU,xhYujdr8kU,2018-07-28,xhYujdr8kU,xhYujdr8kU,xhYujdr8kU,xhYujdr8kU,xhYujdr8kU,2018-07-28,xhYujdr8kU,2018-07-28,xhYujdr8kU,2018-07-28,xhYujdr8kU,xhYujdr8kU,xhYujdr8kU,xhYujdr8kU,xhYujdr8kU,xhYujdr8kU,2018-07-28,2018-07-28,xhYujdr8kU,2018-07-28,xhYujdr8kU,xhYujdr8kU,xhYujdr8kU,xhYujdr8kU,xhYujdr8kU,xhYujdr8kU,xhYujdr8kU,2018-07-28,2018-07-28,xhYujdr8kU
81,D,2018-11-04,D,D,D,D,D,D,D,D,2018-11-04,D,D,D,2018-11-04,D,D,2018-11-04,D,D,D,D,D,D,D,2018-11-04,2018-11-04,2018-11-04,D,D,2018-11-04,D,D,D,D,D,2018-11-04,D,2018-11-04,D,2018-11-04,D,D,D,D,D,D,2018-11-04,2018-11-04,D,2018-11-04,D,D,D,D,D,D,D,2018-11-04,2018-11-04,D
82,pN1m,2017-08-17,pN1m,pN1m,pN1m,pN1m,pN1m,pN1m,pN1m,pN1m,2017-08-17,pN1m,pN1m,pN1m,2017-08-17,pN1m,pN1m,2017-08-17,pN1m,pN1m,pN1m,pN1m,pN1m,pN1m,pN1m,2017-08-17,2017-08-17,2017-08-17,pN1m,pN1m,2017-08-17,pN1m,pN1m,pN1m,pN1m,pN1m,2017-08-17,pN1m,2017-08-17,pN1m,2017-08-17,pN1m,pN1m,pN1m,pN1m,pN1m,pN1m,2017-08-17,2017-08-17,pN1m,2017-08-17,pN1m,pN1m,pN1m,pN1m,pN1m,pN1m,pN1m,2017-08-17,2017-08-17,pN1m
83,a3s,2021-07-08,a3s,a3s,a3s,a3s,a3s,a3s,a3s,a3s,2021-07-08,a3s,a3s,a3s,2021-07-08,a3s,a3s,2021-07-08,a3s,a3s,a3s,a3s,a3s,a3s,a3s,2021-07-08,2021-07-08,2021-07-08,a3s,a3s,2021-07-08,a3s,a3s,a3s,a3s,a3s,2021-07-08,a3s,2021-07-08,a3s,2021-07-08,a3s,a3s,a3s,a3s,a3s,a3s,2021-07-08,2021-07-08,a3s,2021-07-08,a3s,a3s,a3s,a3s,a3s,a3s,a3s,2021-07-08,2021-07-08,a3s
84,e8WBcFt,2021-11-15,e8WBcFt,e8WBcFt,e8WBcFt,e8WBcFt,e8WBcFt,e8WBcFt,e8WBcFt,e8WBcFt,2021-11-15,e8WBcFt,e8WBcFt,e8WBcFt,2021-11-15,e8WBcFt,e8WBcFt,2021-11-15,e8WBcFt,e8WBcFt,e8WBcFt,e8WBcFt,e8WBcFt,e8WBcFt,e8WBcFt,2021-11-15,2021-11-15,2021-11-15,e8WBcFt,e8WBcFt,2021-11-15,e8WBcFt,e8WBcFt,e8WBcFt,e8WBcFt,e8WBcFt,2021-11-15,e8WBcFt,2021-11-15,e8WBcFt,2021-11-15,e8WBcFt,e8WBcFt,e8WBcFt,e8WBcFt,e8WBcFt,e8WBcFt,2021-11-15,2021-11-15,e8WBcFt,2021-11-15,e8WBcFt,e8WBcFt,e8WBcFt,e8WBcFt,e8WBcFt,e8WBcFt,e8WBcFt,2021-11-15,2021-11-15,e8WBcFt
85,uR,2016-08-19,uR,uR,uR,uR,uR,uR,uR,uR,2016-08-19,uR,uR,uR,2016-08-19,uR,uR,2016-08-19,uR,uR,uR,uR,uR,uR,uR,2016-08-19,2016-08-19,2016-08-19,uR,uR,2016-08-19,uR,uR,uR,uR,uR,2016-08-19,uR,2016-08-19,uR,2016-08-19,uR,uR,uR,uR,uR,uR,2016-08-19,2016-08-19,uR,2016-08-19,uR,uR,uR,uR,uR,uR,uR,2016-08-19,2016-08-19,uR
86,BO7xGmY,2017-08-30,BO7xGmY,BO7xGmY,BO7xGmY,BO7xGmY,BO7xGmY,BO7xGmY,BO7xGmY,BO7xGmY,2017-08-30,BO7xGmY,BO7xGmY,BO7xGmY,2017-08-30,BO7xGmY,BO7xGmY,2017-08-30,BO7xGmY,BO7xGmY,BO7xGmY,BO7xGmY,BO7xGmY,BO7xGmY,BO7xGmY,2017-08-30,2017-08-30,2017-08-30,BO7xGmY,BO7xGmY,2017-08-30,BO7xGmY,BO7xGmY,BO7xGmY,BO7xGmY,BO7xGmY,2017-08-30,BO7xGmY,2017-08-30,BO7xGmY,2017-08-30,BO7xGmY,BO7xGmY,BO7xGmY,BO7xGmY,BO7xGmY,BO7xGmY,2017-08-30,2017-08-30,BO7xGmY,2017-08-30,BO7xGmY,BO7xGmY,BO7xGmY,BO7xGmY,BO7xGmY,BO7xGmY,BO7xGmY,2017-08-30,2017-08-30,BO7xGmY
87,jxjei4,2016-09-13,jxjei4,jxjei4,jxjei4,jxjei4,jxjei4,jxjei4,jxjei4,jxjei4,2016-09-13,jxjei4,jxjei4,jxjei4,2016-09-13,jxjei4,jxjei4,2016-09-13,jxjei4,jxjei4,jxjei4,jxjei4,jxjei4,jxjei4,jxjei4,2016-09-13,2016-09-13,2016-09-13,jxjei4,jxjei4,2016-09-13,jxjei4,jxjei4,jxjei4,jxjei4,jxjei4,2016-09-13,jxjei4,2016-09-13,jxjei4,2016-09-13,jxjei4,jxjei4,jxjei4,jxjei4,jxjei4,jxjei4,2016-09-13,2016-09-13,jxjei4,2016-09-13,jxjei4,jxjei4,jxjei4,jxjei4,jxjei4,jxjei4,jxjei4,2016-09-13,2016-09-13,jxjei4
88,ToyB,2015-12-15,ToyB,ToyB,ToyB,ToyB,ToyB,ToyB,ToyB,ToyB,2015-12-15,ToyB,ToyB,ToyB,2015-12-15,ToyB,ToyB,2015-12-15,ToyB,ToyB,ToyB,ToyB,ToyB,ToyB,ToyB,2015-12-15,2015-12-15,2015-12-15,ToyB,ToyB,2015-12-15,ToyB,ToyB,ToyB,ToyB,ToyB,2015-12-15,ToyB,2015-12-15,ToyB,2015-12-15,ToyB,ToyB,ToyB,ToyB,ToyB,ToyB,2015-12-15,2015-12-15,ToyB,2015-12-15,ToyB,ToyB,ToyB,ToyB,ToyB,ToyB,ToyB,2015-12-15,2015-12-15,ToyB
89,B8nrf,2019-12-08,B8nrf,B8nrf,B8nrf,B8nrf,B8nrf,B8nrf,B8nrf,B8nrf,2019-12-08,B8nrf,B8nrf,B8nrf,2019-12-08,B8nrf,B8nrf,2019-12-08,B8nrf,B8nrf,B8nrf,B8nrf,B8nrf,B8nrf,B8nrf,2019-12-08,2019-12-08,2019-12-08,B8nrf,B8nrf,2019-12-08,B8nrf,B8nrf,B8nrf,B8nrf,B8nrf,2019-12-08,B8nrf,2019-12-08,B8nrf,2019-12-08,B8nrf,B8nrf,B8nrf,B8nrf,B8nrf,B8nrf,2019-12-08,2019-12-08,B8nrf,2019-12-08,B8nrf,B8nrf,B8nrf,B8nrf,B8nrf,B8nrf,B8nrf,2019-12-08,2019-12-08,B8nrf
90,Sa,2022-03-21,Sa,Sa,Sa,Sa,Sa,Sa,Sa,Sa,2022-03-21,Sa,Sa,Sa,2022-03-21,Sa,Sa,2022-03-21,Sa,Sa,Sa,Sa,Sa,Sa,Sa,2022-03-21,2022-03-21,2022-03-21,Sa,Sa,2022-03-21,Sa,Sa,Sa,Sa,Sa,2022-03-21,Sa,2022-03-21,Sa,2022-03-21,Sa,Sa,Sa,Sa,Sa,Sa,2022-03-21,2022-03-21,Sa,2022-03-21,Sa,Sa,Sa,Sa,Sa,Sa,Sa,2022-03-21,2022-03-21,Sa
91,Havr8,2017-08-24,Havr8,Havr8,Havr8,Havr8,Havr8,Havr8,Havr8,Havr8,2017-08-24,Havr8,Havr8,Havr8,2017-08-24,Havr8,Havr8,2017-08-24,Havr8,Havr8,Havr8,Havr8,Havr8,Havr8,Havr8,2017-08-24,2017-08-24,2017-08-24,Havr8,Havr8,2017-08-24,Havr8,Havr8,Havr8,Havr8,Havr8,2017-08-24,Havr8,2017-08-24,Havr8,2017-08-24,Havr8,Havr8,Havr8,Havr8,Havr8,Havr8,2017-08-24,2017-08-24,Havr8,2017-08-24,Havr8,Havr8,Havr8,Havr8,Havr8,Havr8,Havr8,2017-08-24,2017-08-24,Havr8
92,oa4z7oVZ,2023-01-12,oa4z7oVZ,oa4z7oVZ,oa4z7oVZ,oa4z7oVZ,oa4z7oVZ,oa4z7oVZ,oa4z7oVZ,oa4z7oVZ,2023-01-12,oa4z7oVZ,oa4z7oVZ,oa4z7oVZ,2023-01-12,oa4z7oVZ,oa4z7oVZ,2023-01-12,oa4z7oVZ,oa4z7oVZ,oa4z7oVZ,oa4z7oVZ,oa4z7oVZ,oa4z7oVZ,oa4z7oVZ,2023-01-12,2023-01-12,2023-01-12,oa4z7oVZ,oa4z7oVZ,2023-01-12,oa4z7oVZ,oa4z7oVZ,oa4z7oVZ,oa4z7oVZ,oa4z7oVZ,2023-01-12,oa4z7oVZ,2023-01-12,oa4z7oVZ,2023-01-12,oa4z7oVZ,oa4z7oVZ,oa4z7oVZ,oa4z7oVZ,oa4z7oVZ,oa4z7oVZ,2023-01-12,2023-01-12,oa4z7oVZ,2023-01-12,oa4z7oVZ,oa4z7oVZ,oa4z7oVZ,oa4z7oVZ,oa4z7oVZ,oa4z7oVZ,oa4z7oVZ,2023-01-12,2023-01-12,oa4z7oVZ
93,NciJoizch,2020-04-14,NciJoizch,NciJoizch,NciJoizch,NciJoizch,NciJoizch,NciJoizch,NciJoizch,NciJoizch,2020-04-14,NciJoizch,NciJoizch,NciJoizch,2020-04-14,NciJoizch,NciJoizch,2020-04-14,NciJoizch,NciJoizch,NciJoizch,NciJoizch,NciJoizch,NciJoizch,NciJoizch,2020-04-14,2020-04-14,2020-04-14,NciJoizch,NciJoizch,2020-04-14,NciJoizch,NciJoizch,NciJoizch,NciJoizch,NciJoizch,2020-04-14,NciJoizch,2020-04-14,NciJoizch,2020-04-14,NciJoizch,NciJoizch,NciJoizch,NciJoizch,NciJoizch,NciJoizch,2020-04-14,2020-04-14,NciJoizch,2020-04-14,NciJoizch,NciJoizch,NciJoizch,NciJoizch,NciJoizch,NciJoizch,NciJoizch,2020-04-14,2020-04-14,NciJoizch
94,aOd4SvW7Z,2019-07-07,aOd4SvW7Z,aOd4SvW7Z,aOd4SvW7Z,aOd4SvW7Z,aOd4SvW7Z,aOd4SvW7Z,aOd4SvW7Z,aOd4SvW7Z,2019-07-07,aOd4SvW7Z,aOd4SvW7Z,aOd4SvW7Z,2019-07-07,aOd4SvW7Z,aOd4SvW7Z,2019-07-07,aOd4SvW7Z,aOd4SvW7Z,aOd4SvW7Z,aOd4SvW7Z,aOd4SvW7Z,aOd4SvW7Z,aOd4SvW7Z,2019-07-07,2019-07-07,2019-07-07,aOd4SvW7Z,aOd4SvW7Z,2019-07-07,aOd4SvW7Z,aOd4SvW7Z,aOd4SvW7Z,aOd4SvW7Z,aOd4SvW7Z,2019-07-07,aOd4SvW7Z,2019-07-07,aOd4SvW7Z,2019-07-07,aOd4SvW7Z,aOd4SvW7Z,aOd4SvW7Z,aOd4SvW7Z,aOd4SvW7Z,aOd4SvW7Z,2019-07-07,2019-07-07,aOd4SvW7Z,2019-07-07,aOd4SvW7Z,aOd4SvW7Z,aOd4SvW7Z,aOd4SvW7Z,aOd4SvW7Z,aOd4SvW7Z,aOd4SvW7Z,2019-07-07,2019-07-07,aOd4SvW7Z
95,Jb,2021-03-19,Jb,Jb,Jb,Jb,Jb,Jb,Jb,Jb,2021-03-19,Jb,Jb,Jb,2021-03-19,Jb,Jb,2021-03-19,Jb,Jb,Jb,Jb,Jb,Jb,Jb,2021-03-19,2021-03-19,2021-03-19,Jb,Jb,2021-03-19,Jb,Jb,Jb,Jb,Jb,2021-03-19,Jb,2021-03-19,Jb,2021-03-19,Jb,Jb,Jb,Jb,Jb,Jb,2021-03-19,2021-03-19,Jb,2021-03-19,Jb,Jb,Jb,Jb,Jb,Jb,Jb,2021-03-19,2021-03-19,Jb
96,U6RfWP3xDQ,2016-01-31,U6RfWP3xDQ,U6RfWP3xDQ,U6RfWP3xDQ,U6RfWP3xDQ,U6RfWP3xDQ,U6RfWP3xDQ,U6RfWP3xDQ,U6RfWP3xDQ,2016-01-31,U6RfWP3xDQ,U6RfWP3xDQ,U6RfWP3xDQ,2016-01-31,U6RfWP3xDQ,U6RfWP3xDQ,2016-01-31,U6RfWP3xDQ,U6RfWP3xDQ,U6RfWP3xDQ,U6RfWP3xDQ,U6RfWP3xDQ,U6RfWP3xDQ,U6RfWP3xDQ,2016-01-31,2016-01-31,2016-01-31,U6RfWP3xDQ,U6RfWP3xDQ,2016-01-31,U6RfWP3xDQ,U6RfWP3xDQ,U6RfWP3xDQ,U6RfWP3xDQ,U6RfWP3xDQ,2016-01-31,U6RfWP3xDQ,2016-01-31,U6RfWP3xDQ,2016-01-31,U6RfWP3xDQ,U6RfWP3xDQ,U6RfWP3xDQ,U6RfWP3xDQ,U6RfWP3xDQ,U6RfWP3xDQ,2016-01-31,2016-01-31,U6RfWP3xDQ,2016-01-31,U6RfWP3xDQ,U6RfWP3xDQ,U6RfWP3xDQ,U6RfWP3xDQ,U6RfWP3xDQ,U6RfWP3xDQ,U6RfWP3xDQ,2016-01-31,2016-01-31,U6RfWP3xDQ
97,nZfhXpX,2016-01-26,nZfhXpX,nZfhXpX,nZfhXpX,nZfhXpX,nZfhXpX,nZfhXpX,nZfhXpX,nZfhXpX,2016-01-26,nZfhXpX,nZfhXpX,nZfhXpX,2016-01-26,nZfhXpX,nZfhXpX,2016-01-26,nZfhXpX,nZfhXpX,nZfhXpX,nZfhXpX,nZfhXpX,nZfhXpX,nZfhXpX,2016-01-26,2016-01-26,2016-01-26,nZfhXpX,nZfhXpX,2016-01-26,nZfhXpX,nZfhXpX,nZfhXpX,nZfhXpX,nZfhXpX,2016-01-26,nZfhXpX,2016-01-26,nZfhXpX,2016-01-26,nZfhXpX,nZfhXpX,nZfhXpX,nZfhXpX,nZfhXpX,nZfhXpX,2016-01-26,2016-01-26,nZfhXpX,2016-01-26,nZfhXpX,nZfhXpX,nZfhXpX,nZfhXpX,nZfhXpX,nZfhXpX,nZfhXpX,2016-01-26,2016-01-26,nZfhXpX
98,Lb8XeCW01N,2017-12-28,Lb8XeCW01N,Lb8XeCW01N,Lb8XeCW01N,Lb8XeCW01N,Lb8XeCW01N,Lb8XeCW01N,Lb8XeCW01N,Lb8XeCW01N,2017-12-28,Lb8XeCW01N,Lb8XeCW01N,Lb8XeCW01N,2017-12-28,Lb8XeCW01N,Lb8XeCW01N,2017-12-28,Lb8XeCW01N,Lb8XeCW01N,Lb8XeCW01N,Lb8XeCW01N,Lb8XeCW01N,Lb8XeCW01N,Lb8XeCW01N,2017-12-28,2017-12-28,2017-12-28,Lb8XeCW01N,Lb8XeCW01N,2017-12-28,Lb8XeCW01N,Lb8XeCW01N,Lb8XeCW01N,Lb8XeCW01N,Lb8XeCW01N,2017-12-28,Lb8XeCW01N,2017-12-28,Lb8XeCW01N,2017-12-28,Lb8XeCW01N,Lb8XeCW01N,Lb8XeCW01N,Lb8XeCW01N,Lb8XeCW01N,Lb8XeCW01N,2017-12-28,2017-12-28,Lb8XeCW01N,2017-12-28,Lb8XeCW01N,Lb8XeCW01N,Lb8XeCW01N,Lb8XeCW01N,Lb8XeCW01N,Lb8XeCW01N,Lb8XeCW01N,2017-12-28,2017-12-28,Lb8XeCW01N
99,0eam,2023-02-22,0eam,0eam,0eam,0eam,0eam,0eam,0eam,0eam,2023-02-22,0eam,0eam,0eam,2023-02-22,0eam,0eam,2023-02-22,0eam,0eam,0eam,0eam,0eam,0eam,0eam,2023-02-22,2023-02-22,2023-02-22,0eam,0eam,2023-02-22,0eam,0eam,0eam,0eam,0eam,2023-02-22,0eam,2023-02-22,0eam,2023-02-22,0eam,0eam,0eam,0eam,0eam,0eam,2023-02-22,2023-02-22,0eam,2023-02-22,0eam,0eam,0eam,0eam,0eam,0eam,0eam,2023-02-22,2023-02-22,0eam
