,contract_id,firm_contract_type,short_name,long_name,holiday_calendar_id,delivery_code,trading_code,exchange_id,type,trading_months,spot_trading_months,notional_maturity_start,notional_maturity_end,notional_coupon,contract_size,currency,quote_type,price_dec_places,price_tick_size,units_in_quote,tick_value,back_office_code,last_trading_date_rule,expiry_date_rule,root_ric_symbol,min_fluctuation,notional_maturity_units,max_contracts,default_executing_broker,default_clearing_broker,underlying_instr,underlying_instr_string,future_code,domicile,underlying_ric,contract_type,mds_date,active,version_number,version_user_id,version_date,default_executing_ny,default_clearing_ny,default_executing_tk,default_clearing_tk,default_executing_hk,default_clearing_hk,min_ctd_bonds,max_ctd_bonds,duration,coupon_freq,price_for_tick,margined,settlement_type,expiry_time,contract_multiplier,cash_in_lieu,related_contfuture_code,fut_expiry_year,strike_divisor,root_ric_override
0,NV8Iv,904,NV8Iv,NV8Iv,NV8Iv,NV8Iv,NV8Iv,NV8Iv,NV8Iv,NV8Iv,904,NV8Iv,NV8Iv,NV8Iv,96.92431789309963,NV8Iv,NV8Iv,904,NV8Iv,NV8Iv,NV8Iv,NV8Iv,NV8Iv,NV8Iv,NV8Iv,96.92431789309963,904,904,NV8Iv,NV8Iv,904,NV8Iv,NV8Iv,NV8Iv,NV8Iv,NV8Iv,2021-11-16,NV8Iv,904,NV8Iv,2021-11-16,NV8Iv,NV8Iv,NV8Iv,NV8Iv,NV8Iv,NV8Iv,904,904,NV8Iv,904,NV8Iv,NV8Iv,NV8Iv,NV8Iv,NV8Iv,NV8Iv,NV8Iv,904,904,NV8Iv
1,2Aoqho,486,2Aoqho,2Aoqho,2Aoqho,2Aoqho,2Aoqho,2Aoqho,2Aoqho,2Aoqho,486,2Aoqho,2Aoqho,2Aoqho,990.036997736367,2Aoqho,2Aoqho,486,2Aoqho,2Aoqho,2Aoqho,2Aoqho,2Aoqho,2Aoqho,2Aoqho,990.036997736367,486,486,2Aoqho,2Aoqho,486,2Aoqho,2Aoqho,2Aoqho,2Aoqho,2Aoqho,2020-12-03,2Aoqho,486,2Aoqho,2020-12-03,2Aoqho,2Aoqho,2Aoqho,2Aoqho,2Aoqho,2Aoqho,486,486,2Aoqho,486,2Aoqho,2Aoqho,2Aoqho,2Aoqho,2Aoqho,2Aoqho,2Aoqho,486,486,2Aoqho
2,I,87,I,I,I,I,I,I,I,I,87,I,I,I,897.6872937915559,I,I,87,I,I,I,I,I,I,I,897.6872937915559,87,87,I,I,87,I,I,I,I,I,2020-07-22,I,87,I,2020-07-22,I,I,I,I,I,I,87,87,I,87,I,I,I,I,I,I,I,87,87,I
3,lC,954,lC,lC,lC,lC,lC,lC,lC,lC,954,lC,lC,lC,264.52403978821394,lC,lC,954,lC,lC,lC,lC,lC,lC,lC,264.52403978821394,954,954,lC,lC,954,lC,lC,lC,lC,lC,2016-05-31,lC,954,lC,2016-05-31,lC,lC,lC,lC,lC,lC,954,954,lC,954,lC,lC,lC,lC,lC,lC,lC,954,954,lC
4,1N7,181,1N7,1N7,1N7,1N7,1N7,1N7,1N7,1N7,181,1N7,1N7,1N7,154.62834454868857,1N7,1N7,181,1N7,1N7,1N7,1N7,1N7,1N7,1N7,154.62834454868857,181,181,1N7,1N7,181,1N7,1N7,1N7,1N7,1N7,2018-12-02,1N7,181,1N7,2018-12-02,1N7,1N7,1N7,1N7,1N7,1N7,181,181,1N7,181,1N7,1N7,1N7,1N7,1N7,1N7,1N7,181,181,1N7
5,9IWB8,306,9IWB8,9IWB8,9IWB8,9IWB8,9IWB8,9IWB8,9IWB8,9IWB8,306,9IWB8,9IWB8,9IWB8,863.1024502099275,9IWB8,9IWB8,306,9IWB8,9IWB8,9IWB8,9IWB8,9IWB8,9IWB8,9IWB8,863.1024502099275,306,306,9IWB8,9IWB8,306,9IWB8,9IWB8,9IWB8,9IWB8,9IWB8,2022-01-28,9IWB8,306,9IWB8,2022-01-28,9IWB8,9IWB8,9IWB8,9IWB8,9IWB8,9IWB8,306,306,9IWB8,306,9IWB8,9IWB8,9IWB8,9IWB8,9IWB8,9IWB8,9IWB8,306,306,9IWB8
6,Lp6yH25fD,76,Lp6yH25fD,Lp6yH25fD,Lp6yH25fD,Lp6yH25fD,Lp6yH25fD,Lp6yH25fD,Lp6yH25fD,Lp6yH25fD,76,Lp6yH25fD,Lp6yH25fD,Lp6yH25fD,840.4938523926065,Lp6yH25fD,Lp6yH25fD,76,Lp6yH25fD,Lp6yH25fD,Lp6yH25fD,Lp6yH25fD,Lp6yH25fD,Lp6yH25fD,Lp6yH25fD,840.4938523926065,76,76,Lp6yH25fD,Lp6yH25fD,76,Lp6yH25fD,Lp6yH25fD,Lp6yH25fD,Lp6yH25fD,Lp6yH25fD,2018-07-27,Lp6yH25fD,76,Lp6yH25fD,2018-07-27,Lp6yH25fD,Lp6yH25fD,Lp6yH25fD,Lp6yH25fD,Lp6yH25fD,Lp6yH25fD,76,76,Lp6yH25fD,76,Lp6yH25fD,Lp6yH25fD,Lp6yH25fD,Lp6yH25fD,Lp6yH25fD,Lp6yH25fD,Lp6yH25fD,76,76,Lp6yH25fD
7,lEDWzBLc,338,lEDWzBLc,lEDWzBLc,lEDWzBLc,lEDWzBLc,lEDWzBLc,lEDWzBLc,lEDWzBLc,lEDWzBLc,338,lEDWzBLc,lEDWzBLc,lEDWzBLc,35.97328077061468,lEDWzBLc,lEDWzBLc,338,lEDWzBLc,lEDWzBLc,lEDWzBLc,lEDWzBLc,lEDWzBLc,lEDWzBLc,lEDWzBLc,35.97328077061468,338,338,lEDWzBLc,lEDWzBLc,338,lEDWzBLc,lEDWzBLc,lEDWzBLc,lEDWzBLc,lEDWzBLc,2015-08-28,lEDWzBLc,338,lEDWzBLc,2015-08-28,lEDWzBLc,lEDWzBLc,lEDWzBLc,lEDWzBLc,lEDWzBLc,lEDWzBLc,338,338,lEDWzBLc,338,lEDWzBLc,lEDWzBLc,lEDWzBLc,lEDWzBLc,lEDWzBLc,lEDWzBLc,lEDWzBLc,338,338,lEDWzBLc
8,DYe,375,DYe,DYe,DYe,DYe,DYe,DYe,DYe,DYe,375,DYe,DYe,DYe,0.6795247019828476,DYe,DYe,375,DYe,DYe,DYe,DYe,DYe,DYe,DYe,0.6795247019828476,375,375,DYe,DYe,375,DYe,DYe,DYe,DYe,DYe,2021-01-15,DYe,375,DYe,2021-01-15,DYe,DYe,DYe,DYe,DYe,DYe,375,375,DYe,375,DYe,DYe,DYe,DYe,DYe,DYe,DYe,375,375,DYe
9,1Z9Lus82mv,738,1Z9Lus82mv,1Z9Lus82mv,1Z9Lus82mv,1Z9Lus82mv,1Z9Lus82mv,1Z9Lus82mv,1Z9Lus82mv,1Z9Lus82mv,738,1Z9Lus82mv,1Z9Lus82mv,1Z9Lus82mv,503.8927015500371,1Z9Lus82mv,1Z9Lus82mv,738,1Z9Lus82mv,1Z9Lus82mv,1Z9Lus82mv,1Z9Lus82mv,1Z9Lus82mv,1Z9Lus82mv,1Z9Lus82mv,503.8927015500371,738,738,1Z9Lus82mv,1Z9Lus82mv,738,1Z9Lus82mv,1Z9Lus82mv,1Z9Lus82mv,1Z9Lus82mv,1Z9Lus82mv,2019-07-12,1Z9Lus82mv,738,1Z9Lus82mv,2019-07-12,1Z9Lus82mv,1Z9Lus82mv,1Z9Lus82mv,1Z9Lus82mv,1Z9Lus82mv,1Z9Lus82mv,738,738,1Z9Lus82mv,738,1Z9Lus82mv,1Z9Lus82mv,1Z9Lus82mv,1Z9Lus82mv,1Z9Lus82mv,1Z9Lus82mv,1Z9Lus82mv,738,738,1Z9Lus82mv
10,OJrz7TNnJ,601,OJrz7TNnJ,OJrz7TNnJ,OJrz7TNnJ,OJrz7TNnJ,OJrz7TNnJ,OJrz7TNnJ,OJrz7TNnJ,OJrz7TNnJ,601,OJrz7TNnJ,OJrz7TNnJ,OJrz7TNnJ,986.7424539533165,OJrz7TNnJ,OJrz7TNnJ,601,OJrz7TNnJ,OJrz7TNnJ,OJrz7TNnJ,OJrz7TNnJ,OJrz7TNnJ,OJrz7TNnJ,OJrz7TNnJ,986.7424539533165,601,601,OJrz7TNnJ,OJrz7TNnJ,601,OJrz7TNnJ,OJrz7TNnJ,OJrz7TNnJ,OJrz7TNnJ,OJrz7TNnJ,2019-09-13,OJrz7TNnJ,601,OJrz7TNnJ,2019-09-13,OJrz7TNnJ,OJrz7TNnJ,OJrz7TNnJ,OJrz7TNnJ,OJrz7TNnJ,OJrz7TNnJ,601,601,OJrz7TNnJ,601,OJrz7TNnJ,OJrz7TNnJ,OJrz7TNnJ,OJrz7TNnJ,OJrz7TNnJ,OJrz7TNnJ,OJrz7TNnJ,601,601,OJrz7TNnJ
11,aXiuCGx,357,aXiuCGx,aXiuCGx,aXiuCGx,aXiuCGx,aXiuCGx,aXiuCGx,aXiuCGx,aXiuCGx,357,aXiuCGx,aXiuCGx,aXiuCGx,542.8832478381943,aXiuCGx,aXiuCGx,357,aXiuCGx,aXiuCGx,aXiuCGx,aXiuCGx,aXiuCGx,aXiuCGx,aXiuCGx,542.8832478381943,357,357,aXiuCGx,aXiuCGx,357,aXiuCGx,aXiuCGx,aXiuCGx,aXiuCGx,aXiuCGx,2023-05-09,aXiuCGx,357,aXiuCGx,2023-05-09,aXiuCGx,aXiuCGx,aXiuCGx,aXiuCGx,aXiuCGx,aXiuCGx,357,357,aXiuCGx,357,aXiuCGx,aXiuCGx,aXiuCGx,aXiuCGx,aXiuCGx,aXiuCGx,aXiuCGx,357,357,aXiuCGx
12,5bc,548,5bc,5bc,5bc,5bc,5bc,5bc,5bc,5bc,548,5bc,5bc,5bc,964.5297130594039,5bc,5bc,548,5bc,5bc,5bc,5bc,5bc,5bc,5bc,964.5297130594039,548,548,5bc,5bc,548,5bc,5bc,5bc,5bc,5bc,2021-06-13,5bc,548,5bc,2021-06-13,5bc,5bc,5bc,5bc,5bc,5bc,548,548,5bc,548,5bc,5bc,5bc,5bc,5bc,5bc,5bc,548,548,5bc
13,dW,155,dW,dW,dW,dW,dW,dW,dW,dW,155,dW,dW,dW,150.28866381878348,dW,dW,155,dW,dW,dW,dW,dW,dW,dW,150.28866381878348,155,155,dW,dW,155,dW,dW,dW,dW,dW,2015-07-28,dW,155,dW,2015-07-28,dW,dW,dW,dW,dW,dW,155,155,dW,155,dW,dW,dW,dW,dW,dW,dW,155,155,dW
14,jee6VaX,165,jee6VaX,jee6VaX,jee6VaX,jee6VaX,jee6VaX,jee6VaX,jee6VaX,jee6VaX,165,jee6VaX,jee6VaX,jee6VaX,572.70964978624,jee6VaX,jee6VaX,165,jee6VaX,jee6VaX,jee6VaX,jee6VaX,jee6VaX,jee6VaX,jee6VaX,572.70964978624,165,165,jee6VaX,jee6VaX,165,jee6VaX,jee6VaX,jee6VaX,jee6VaX,jee6VaX,2017-02-04,jee6VaX,165,jee6VaX,2017-02-04,jee6VaX,jee6VaX,jee6VaX,jee6VaX,jee6VaX,jee6VaX,165,165,jee6VaX,165,jee6VaX,jee6VaX,jee6VaX,jee6VaX,jee6VaX,jee6VaX,jee6VaX,165,165,jee6VaX
15,bq,489,bq,bq,bq,bq,bq,bq,bq,bq,489,bq,bq,bq,264.86477681310595,bq,bq,489,bq,bq,bq,bq,bq,bq,bq,264.86477681310595,489,489,bq,bq,489,bq,bq,bq,bq,bq,2017-02-11,bq,489,bq,2017-02-11,bq,bq,bq,bq,bq,bq,489,489,bq,489,bq,bq,bq,bq,bq,bq,bq,489,489,bq
16,Wxn,710,Wxn,Wxn,Wxn,Wxn,Wxn,Wxn,Wxn,Wxn,710,Wxn,Wxn,Wxn,740.4859602075735,Wxn,Wxn,710,Wxn,Wxn,Wxn,Wxn,Wxn,Wxn,Wxn,740.4859602075735,710,710,Wxn,Wxn,710,Wxn,Wxn,Wxn,Wxn,Wxn,2015-08-23,Wxn,710,Wxn,2015-08-23,Wxn,Wxn,Wxn,Wxn,Wxn,Wxn,710,710,Wxn,710,Wxn,Wxn,Wxn,Wxn,Wxn,Wxn,Wxn,710,710,Wxn
17,Ykg7Q,681,Ykg7Q,Ykg7Q,Ykg7Q,Ykg7Q,Ykg7Q,Ykg7Q,Ykg7Q,Ykg7Q,681,Ykg7Q,Ykg7Q,Ykg7Q,854.5966673059526,Ykg7Q,Ykg7Q,681,Ykg7Q,Ykg7Q,Ykg7Q,Ykg7Q,Ykg7Q,Ykg7Q,Ykg7Q,854.5966673059526,681,681,Ykg7Q,Ykg7Q,681,Ykg7Q,Ykg7Q,Ykg7Q,Ykg7Q,Ykg7Q,2016-05-29,Ykg7Q,681,Ykg7Q,2016-05-29,Ykg7Q,Ykg7Q,Ykg7Q,Ykg7Q,Ykg7Q,Ykg7Q,681,681,Ykg7Q,681,Ykg7Q,Ykg7Q,Ykg7Q,Ykg7Q,Ykg7Q,Ykg7Q,Ykg7Q,681,681,Ykg7Q
18,cxcJY,696,cxcJY,cxcJY,cxcJY,cxcJY,cxcJY,cxcJY,cxcJY,cxcJY,696,cxcJY,cxcJY,cxcJY,581.2175088188167,cxcJY,cxcJY,696,cxcJY,cxcJY,cxcJY,cxcJY,cxcJY,cxcJY,cxcJY,581.2175088188167,696,696,cxcJY,cxcJY,696,cxcJY,cxcJY,cxcJY,cxcJY,cxcJY,2018-06-15,cxcJY,696,cxcJY,2018-06-15,cxcJY,cxcJY,cxcJY,cxcJY,cxcJY,cxcJY,696,696,cxcJY,696,cxcJY,cxcJY,cxcJY,cxcJY,cxcJY,cxcJY,cxcJY,696,696,cxcJY
19,V,978,V,V,V,V,V,V,V,V,978,V,V,V,569.9486780605463,V,V,978,V,V,V,V,V,V,V,569.9486780605463,978,978,V,V,978,V,V,V,V,V,2020-05-31,V,978,V,2020-05-31,V,V,V,V,V,V,978,978,V,978,V,V,V,V,V,V,V,978,978,V
20,uX8ko8Wn,695,uX8ko8Wn,uX8ko8Wn,uX8ko8Wn,uX8ko8Wn,uX8ko8Wn,uX8ko8Wn,uX8ko8Wn,uX8ko8Wn,695,uX8ko8Wn,uX8ko8Wn,uX8ko8Wn,701.957848187496,uX8ko8Wn,uX8ko8Wn,695,uX8ko8Wn,uX8ko8Wn,uX8ko8Wn,uX8ko8Wn,uX8ko8Wn,uX8ko8Wn,uX8ko8Wn,701.957848187496,695,695,uX8ko8Wn,uX8ko8Wn,695,uX8ko8Wn,uX8ko8Wn,uX8ko8Wn,uX8ko8Wn,uX8ko8Wn,2017-11-10,uX8ko8Wn,695,uX8ko8Wn,2017-11-10,uX8ko8Wn,uX8ko8Wn,uX8ko8Wn,uX8ko8Wn,uX8ko8Wn,uX8ko8Wn,695,695,uX8ko8Wn,695,uX8ko8Wn,uX8ko8Wn,uX8ko8Wn,uX8ko8Wn,uX8ko8Wn,uX8ko8Wn,uX8ko8Wn,695,695,uX8ko8Wn
21,OA5,784,OA5,OA5,OA5,OA5,OA5,OA5,OA5,OA5,784,OA5,OA5,OA5,533.0193568764965,OA5,OA5,784,OA5,OA5,OA5,OA5,OA5,OA5,OA5,533.0193568764965,784,784,OA5,OA5,784,OA5,OA5,OA5,OA5,OA5,2021-08-27,OA5,784,OA5,2021-08-27,OA5,OA5,OA5,OA5,OA5,OA5,784,784,OA5,784,OA5,OA5,OA5,OA5,OA5,OA5,OA5,784,784,OA5
22,gnBXZYKUU,848,gnBXZYKUU,gnBXZYKUU,gnBXZYKUU,gnBXZYKUU,gnBXZYKUU,gnBXZYKUU,gnBXZYKUU,gnBXZYKUU,848,gnBXZYKUU,gnBXZYKUU,gnBXZYKUU,847.9629224212171,gnBXZYKUU,gnBXZYKUU,848,gnBXZYKUU,gnBXZYKUU,gnBXZYKUU,gnBXZYKUU,gnBXZYKUU,gnBXZYKUU,gnBXZYKUU,847.9629224212171,848,848,gnBXZYKUU,gnBXZYKUU,848,gnBXZYKUU,gnBXZYKUU,gnBXZYKUU,gnBXZYKUU,gnBXZYKUU,2020-08-24,gnBXZYKUU,848,gnBXZYKUU,2020-08-24,gnBXZYKUU,gnBXZYKUU,gnBXZYKUU,gnBXZYKUU,gnBXZYKUU,gnBXZYKUU,848,848,gnBXZYKUU,848,gnBXZYKUU,gnBXZYKUU,gnBXZYKUU,gnBXZYKUU,gnBXZYKUU,gnBXZYKUU,gnBXZYKUU,848,848,gnBXZYKUU
23,rtWn,983,rtWn,rtWn,rtWn,rtWn,rtWn,rtWn,rtWn,rtWn,983,rtWn,rtWn,rtWn,138.1946423516688,rtWn,rtWn,983,rtWn,rtWn,rtWn,rtWn,rtWn,rtWn,rtWn,138.1946423516688,983,983,rtWn,rtWn,983,rtWn,rtWn,rtWn,rtWn,rtWn,2022-06-25,rtWn,983,rtWn,2022-06-25,rtWn,rtWn,rtWn,rtWn,rtWn,rtWn,983,983,rtWn,983,rtWn,rtWn,rtWn,rtWn,rtWn,rtWn,rtWn,983,983,rtWn
24,U,66,U,U,U,U,U,U,U,U,66,U,U,U,316.59874698132637,U,U,66,U,U,U,U,U,U,U,316.59874698132637,66,66,U,U,66,U,U,U,U,U,2021-06-28,U,66,U,2021-06-28,U,U,U,U,U,U,66,66,U,66,U,U,U,U,U,U,U,66,66,U
25,1Z,76,1Z,1Z,1Z,1Z,1Z,1Z,1Z,1Z,76,1Z,1Z,1Z,659.3286944692741,1Z,1Z,76,1Z,1Z,1Z,1Z,1Z,1Z,1Z,659.3286944692741,76,76,1Z,1Z,76,1Z,1Z,1Z,1Z,1Z,2020-12-09,1Z,76,1Z,2020-12-09,1Z,1Z,1Z,1Z,1Z,1Z,76,76,1Z,76,1Z,1Z,1Z,1Z,1Z,1Z,1Z,76,76,1Z
26,2QwLVgs4,436,2QwLVgs4,2QwLVgs4,2QwLVgs4,2QwLVgs4,2QwLVgs4,2QwLVgs4,2QwLVgs4,2QwLVgs4,436,2QwLVgs4,2QwLVgs4,2QwLVgs4,579.0081139484729,2QwLVgs4,2QwLVgs4,436,2QwLVgs4,2QwLVgs4,2QwLVgs4,2QwLVgs4,2QwLVgs4,2QwLVgs4,2QwLVgs4,579.0081139484729,436,436,2QwLVgs4,2QwLVgs4,436,2QwLVgs4,2QwLVgs4,2QwLVgs4,2QwLVgs4,2QwLVgs4,2016-10-24,2QwLVgs4,436,2QwLVgs4,2016-10-24,2QwLVgs4,2QwLVgs4,2QwLVgs4,2QwLVgs4,2QwLVgs4,2QwLVgs4,436,436,2QwLVgs4,436,2QwLVgs4,2QwLVgs4,2QwLVgs4,2QwLVgs4,2QwLVgs4,2QwLVgs4,2QwLVgs4,436,436,2QwLVgs4
27,HsEOh,309,HsEOh,HsEOh,HsEOh,HsEOh,HsEOh,HsEOh,HsEOh,HsEOh,309,HsEOh,HsEOh,HsEOh,602.9192547427707,HsEOh,HsEOh,309,HsEOh,HsEOh,HsEOh,HsEOh,HsEOh,HsEOh,HsEOh,602.9192547427707,309,309,HsEOh,HsEOh,309,HsEOh,HsEOh,HsEOh,HsEOh,HsEOh,2015-11-24,HsEOh,309,HsEOh,2015-11-24,HsEOh,HsEOh,HsEOh,HsEOh,HsEOh,HsEOh,309,309,HsEOh,309,HsEOh,HsEOh,HsEOh,HsEOh,HsEOh,HsEOh,HsEOh,309,309,HsEOh
28,ci,866,ci,ci,ci,ci,ci,ci,ci,ci,866,ci,ci,ci,960.319832161731,ci,ci,866,ci,ci,ci,ci,ci,ci,ci,960.319832161731,866,866,ci,ci,866,ci,ci,ci,ci,ci,2022-07-07,ci,866,ci,2022-07-07,ci,ci,ci,ci,ci,ci,866,866,ci,866,ci,ci,ci,ci,ci,ci,ci,866,866,ci
29,c2Br7C,442,c2Br7C,c2Br7C,c2Br7C,c2Br7C,c2Br7C,c2Br7C,c2Br7C,c2Br7C,442,c2Br7C,c2Br7C,c2Br7C,515.6148142031096,c2Br7C,c2Br7C,442,c2Br7C,c2Br7C,c2Br7C,c2Br7C,c2Br7C,c2Br7C,c2Br7C,515.6148142031096,442,442,c2Br7C,c2Br7C,442,c2Br7C,c2Br7C,c2Br7C,c2Br7C,c2Br7C,2020-08-29,c2Br7C,442,c2Br7C,2020-08-29,c2Br7C,c2Br7C,c2Br7C,c2Br7C,c2Br7C,c2Br7C,442,442,c2Br7C,442,c2Br7C,c2Br7C,c2Br7C,c2Br7C,c2Br7C,c2Br7C,c2Br7C,442,442,c2Br7C
30,aayzj7I,838,aayzj7I,aayzj7I,aayzj7I,aayzj7I,aayzj7I,aayzj7I,aayzj7I,aayzj7I,838,aayzj7I,aayzj7I,aayzj7I,339.7159142976113,aayzj7I,aayzj7I,838,aayzj7I,aayzj7I,aayzj7I,aayzj7I,aayzj7I,aayzj7I,aayzj7I,339.7159142976113,838,838,aayzj7I,aayzj7I,838,aayzj7I,aayzj7I,aayzj7I,aayzj7I,aayzj7I,2021-03-16,aayzj7I,838,aayzj7I,2021-03-16,aayzj7I,aayzj7I,aayzj7I,aayzj7I,aayzj7I,aayzj7I,838,838,aayzj7I,838,aayzj7I,aayzj7I,aayzj7I,aayzj7I,aayzj7I,aayzj7I,aayzj7I,838,838,aayzj7I
31,wqH,965,wqH,wqH,wqH,wqH,wqH,wqH,wqH,wqH,965,wqH,wqH,wqH,592.8764019957586,wqH,wqH,965,wqH,wqH,wqH,wqH,wqH,wqH,wqH,592.8764019957586,965,965,wqH,wqH,965,wqH,wqH,wqH,wqH,wqH,2022-07-02,wqH,965,wqH,2022-07-02,wqH,wqH,wqH,wqH,wqH,wqH,965,965,wqH,965,wqH,wqH,wqH,wqH,wqH,wqH,wqH,965,965,wqH
32,ge3uyIZ,364,ge3uyIZ,ge3uyIZ,ge3uyIZ,ge3uyIZ,ge3uyIZ,ge3uyIZ,ge3uyIZ,ge3uyIZ,364,ge3uyIZ,ge3uyIZ,ge3uyIZ,537.2842383250722,ge3uyIZ,ge3uyIZ,364,ge3uyIZ,ge3uyIZ,ge3uyIZ,ge3uyIZ,ge3uyIZ,ge3uyIZ,ge3uyIZ,537.2842383250722,364,364,ge3uyIZ,ge3uyIZ,364,ge3uyIZ,ge3uyIZ,ge3uyIZ,ge3uyIZ,ge3uyIZ,2021-08-18,ge3uyIZ,364,ge3uyIZ,2021-08-18,ge3uyIZ,ge3uyIZ,ge3uyIZ,ge3uyIZ,ge3uyIZ,ge3uyIZ,364,364,ge3uyIZ,364,ge3uyIZ,ge3uyIZ,ge3uyIZ,ge3uyIZ,ge3uyIZ,ge3uyIZ,ge3uyIZ,364,364,ge3uyIZ
33,Ws,180,Ws,Ws,Ws,Ws,Ws,Ws,Ws,Ws,180,Ws,Ws,Ws,763.9098191779145,Ws,Ws,180,Ws,Ws,Ws,Ws,Ws,Ws,Ws,763.9098191779145,180,180,Ws,Ws,180,Ws,Ws,Ws,Ws,Ws,2019-01-18,Ws,180,Ws,2019-01-18,Ws,Ws,Ws,Ws,Ws,Ws,180,180,Ws,180,Ws,Ws,Ws,Ws,Ws,Ws,Ws,180,180,Ws
34,tnYvUM,620,tnYvUM,tnYvUM,tnYvUM,tnYvUM,tnYvUM,tnYvUM,tnYvUM,tnYvUM,620,tnYvUM,tnYvUM,tnYvUM,512.9301929849571,tnYvUM,tnYvUM,620,tnYvUM,tnYvUM,tnYvUM,tnYvUM,tnYvUM,tnYvUM,tnYvUM,512.9301929849571,620,620,tnYvUM,tnYvUM,620,tnYvUM,tnYvUM,tnYvUM,tnYvUM,tnYvUM,2021-11-03,tnYvUM,620,tnYvUM,2021-11-03,tnYvUM,tnYvUM,tnYvUM,tnYvUM,tnYvUM,tnYvUM,620,620,tnYvUM,620,tnYvUM,tnYvUM,tnYvUM,tnYvUM,tnYvUM,tnYvUM,tnYvUM,620,620,tnYvUM
35,L3Nm8ZRQ3,644,L3Nm8ZRQ3,L3Nm8ZRQ3,L3Nm8ZRQ3,L3Nm8ZRQ3,L3Nm8ZRQ3,L3Nm8ZRQ3,L3Nm8ZRQ3,L3Nm8ZRQ3,644,L3Nm8ZRQ3,L3Nm8ZRQ3,L3Nm8ZRQ3,443.6732436369174,L3Nm8ZRQ3,L3Nm8ZRQ3,644,L3Nm8ZRQ3,L3Nm8ZRQ3,L3Nm8ZRQ3,L3Nm8ZRQ3,L3Nm8ZRQ3,L3Nm8ZRQ3,L3Nm8ZRQ3,443.6732436369174,644,644,L3Nm8ZRQ3,L3Nm8ZRQ3,644,L3Nm8ZRQ3,L3Nm8ZRQ3,L3Nm8ZRQ3,L3Nm8ZRQ3,L3Nm8ZRQ3,2017-08-18,L3Nm8ZRQ3,644,L3Nm8ZRQ3,2017-08-18,L3Nm8ZRQ3,L3Nm8ZRQ3,L3Nm8ZRQ3,L3Nm8ZRQ3,L3Nm8ZRQ3,L3Nm8ZRQ3,644,644,L3Nm8ZRQ3,644,L3Nm8ZRQ3,L3Nm8ZRQ3,L3Nm8ZRQ3,L3Nm8ZRQ3,L3Nm8ZRQ3,L3Nm8ZRQ3,L3Nm8ZRQ3,644,644,L3Nm8ZRQ3
36,8D9r3Va,568,8D9r3Va,8D9r3Va,8D9r3Va,8D9r3Va,8D9r3Va,8D9r3Va,8D9r3Va,8D9r3Va,568,8D9r3Va,8D9r3Va,8D9r3Va,521.2995230332513,8D9r3Va,8D9r3Va,568,8D9r3Va,8D9r3Va,8D9r3Va,8D9r3Va,8D9r3Va,8D9r3Va,8D9r3Va,521.2995230332513,568,568,8D9r3Va,8D9r3Va,568,8D9r3Va,8D9r3Va,8D9r3Va,8D9r3Va,8D9r3Va,2016-05-15,8D9r3Va,568,8D9r3Va,2016-05-15,8D9r3Va,8D9r3Va,8D9r3Va,8D9r3Va,8D9r3Va,8D9r3Va,568,568,8D9r3Va,568,8D9r3Va,8D9r3Va,8D9r3Va,8D9r3Va,8D9r3Va,8D9r3Va,8D9r3Va,568,568,8D9r3Va
37,n7I,945,n7I,n7I,n7I,n7I,n7I,n7I,n7I,n7I,945,n7I,n7I,n7I,933.5274510132263,n7I,n7I,945,n7I,n7I,n7I,n7I,n7I,n7I,n7I,933.5274510132263,945,945,n7I,n7I,945,n7I,n7I,n7I,n7I,n7I,2021-12-16,n7I,945,n7I,2021-12-16,n7I,n7I,n7I,n7I,n7I,n7I,945,945,n7I,945,n7I,n7I,n7I,n7I,n7I,n7I,n7I,945,945,n7I
38,oGNZOsO,376,oGNZOsO,oGNZOsO,oGNZOsO,oGNZOsO,oGNZOsO,oGNZOsO,oGNZOsO,oGNZOsO,376,oGNZOsO,oGNZOsO,oGNZOsO,693.0250859128419,oGNZOsO,oGNZOsO,376,oGNZOsO,oGNZOsO,oGNZOsO,oGNZOsO,oGNZOsO,oGNZOsO,oGNZOsO,693.0250859128419,376,376,oGNZOsO,oGNZOsO,376,oGNZOsO,oGNZOsO,oGNZOsO,oGNZOsO,oGNZOsO,2022-03-03,oGNZOsO,376,oGNZOsO,2022-03-03,oGNZOsO,oGNZOsO,oGNZOsO,oGNZOsO,oGNZOsO,oGNZOsO,376,376,oGNZOsO,376,oGNZOsO,oGNZOsO,oGNZOsO,oGNZOsO,oGNZOsO,oGNZOsO,oGNZOsO,376,376,oGNZOsO
39,O1PU,545,O1PU,O1PU,O1PU,O1PU,O1PU,O1PU,O1PU,O1PU,545,O1PU,O1PU,O1PU,978.3168584873681,O1PU,O1PU,545,O1PU,O1PU,O1PU,O1PU,O1PU,O1PU,O1PU,978.3168584873681,545,545,O1PU,O1PU,545,O1PU,O1PU,O1PU,O1PU,O1PU,2020-08-03,O1PU,545,O1PU,2020-08-03,O1PU,O1PU,O1PU,O1PU,O1PU,O1PU,545,545,O1PU,545,O1PU,O1PU,O1PU,O1PU,O1PU,O1PU,O1PU,545,545,O1PU
40,Qsi,327,Qsi,Qsi,Qsi,Qsi,Qsi,Qsi,Qsi,Qsi,327,Qsi,Qsi,Qsi,872.9660373609544,Qsi,Qsi,327,Qsi,Qsi,Qsi,Qsi,Qsi,Qsi,Qsi,872.9660373609544,327,327,Qsi,Qsi,327,Qsi,Qsi,Qsi,Qsi,Qsi,2015-11-13,Qsi,327,Qsi,2015-11-13,Qsi,Qsi,Qsi,Qsi,Qsi,Qsi,327,327,Qsi,327,Qsi,Qsi,Qsi,Qsi,Qsi,Qsi,Qsi,327,327,Qsi
41,xOkx3IvRf,603,xOkx3IvRf,xOkx3IvRf,xOkx3IvRf,xOkx3IvRf,xOkx3IvRf,xOkx3IvRf,xOkx3IvRf,xOkx3IvRf,603,xOkx3IvRf,xOkx3IvRf,xOkx3IvRf,679.6885050490631,xOkx3IvRf,xOkx3IvRf,603,xOkx3IvRf,xOkx3IvRf,xOkx3IvRf,xOkx3IvRf,xOkx3IvRf,xOkx3IvRf,xOkx3IvRf,679.6885050490631,603,603,xOkx3IvRf,xOkx3IvRf,603,xOkx3IvRf,xOkx3IvRf,xOkx3IvRf,xOkx3IvRf,xOkx3IvRf,2020-12-24,xOkx3IvRf,603,xOkx3IvRf,2020-12-24,xOkx3IvRf,xOkx3IvRf,xOkx3IvRf,xOkx3IvRf,xOkx3IvRf,xOkx3IvRf,603,603,xOkx3IvRf,603,xOkx3IvRf,xOkx3IvRf,xOkx3IvRf,xOkx3IvRf,xOkx3IvRf,xOkx3IvRf,xOkx3IvRf,603,603,xOkx3IvRf
42,LdvIYhP6LB,98,LdvIYhP6LB,LdvIYhP6LB,LdvIYhP6LB,LdvIYhP6LB,LdvIYhP6LB,LdvIYhP6LB,LdvIYhP6LB,LdvIYhP6LB,98,LdvIYhP6LB,LdvIYhP6LB,LdvIYhP6LB,69.96720859317007,LdvIYhP6LB,LdvIYhP6LB,98,LdvIYhP6LB,LdvIYhP6LB,LdvIYhP6LB,LdvIYhP6LB,LdvIYhP6LB,LdvIYhP6LB,LdvIYhP6LB,69.96720859317007,98,98,LdvIYhP6LB,LdvIYhP6LB,98,LdvIYhP6LB,LdvIYhP6LB,LdvIYhP6LB,LdvIYhP6LB,LdvIYhP6LB,2019-02-18,LdvIYhP6LB,98,LdvIYhP6LB,2019-02-18,LdvIYhP6LB,LdvIYhP6LB,LdvIYhP6LB,LdvIYhP6LB,LdvIYhP6LB,LdvIYhP6LB,98,98,LdvIYhP6LB,98,LdvIYhP6LB,LdvIYhP6LB,LdvIYhP6LB,LdvIYhP6LB,LdvIYhP6LB,LdvIYhP6LB,LdvIYhP6LB,98,98,LdvIYhP6LB
43,PvSvuEwy,335,PvSvuEwy,PvSvuEwy,PvSvuEwy,PvSvuEwy,PvSvuEwy,PvSvuEwy,PvSvuEwy,PvSvuEwy,335,PvSvuEwy,PvSvuEwy,PvSvuEwy,324.4533725599977,PvSvuEwy,PvSvuEwy,335,PvSvuEwy,PvSvuEwy,PvSvuEwy,PvSvuEwy,PvSvuEwy,PvSvuEwy,PvSvuEwy,324.4533725599977,335,335,PvSvuEwy,PvSvuEwy,335,PvSvuEwy,PvSvuEwy,PvSvuEwy,PvSvuEwy,PvSvuEwy,2017-11-28,PvSvuEwy,335,PvSvuEwy,2017-11-28,PvSvuEwy,PvSvuEwy,PvSvuEwy,PvSvuEwy,PvSvuEwy,PvSvuEwy,335,335,PvSvuEwy,335,PvSvuEwy,PvSvuEwy,PvSvuEwy,PvSvuEwy,PvSvuEwy,PvSvuEwy,PvSvuEwy,335,335,PvSvuEwy
44,h,712,h,h,h,h,h,h,h,h,712,h,h,h,781.4365104335345,h,h,712,h,h,h,h,h,h,h,781.4365104335345,712,712,h,h,712,h,h,h,h,h,2020-01-21,h,712,h,2020-01-21,h,h,h,h,h,h,712,712,h,712,h,h,h,h,h,h,h,712,712,h
45,GMj8yNo6,727,GMj8yNo6,GMj8yNo6,GMj8yNo6,GMj8yNo6,GMj8yNo6,GMj8yNo6,GMj8yNo6,GMj8yNo6,727,GMj8yNo6,GMj8yNo6,GMj8yNo6,619.8899164427561,GMj8yNo6,GMj8yNo6,727,GMj8yNo6,GMj8yNo6,GMj8yNo6,GMj8yNo6,GMj8yNo6,GMj8yNo6,GMj8yNo6,619.8899164427561,727,727,GMj8yNo6,GMj8yNo6,727,GMj8yNo6,GMj8yNo6,GMj8yNo6,GMj8yNo6,GMj8yNo6,2015-10-25,GMj8yNo6,727,GMj8yNo6,2015-10-25,GMj8yNo6,GMj8yNo6,GMj8yNo6,GMj8yNo6,GMj8yNo6,GMj8yNo6,727,727,GMj8yNo6,727,GMj8yNo6,GMj8yNo6,GMj8yNo6,GMj8yNo6,GMj8yNo6,GMj8yNo6,GMj8yNo6,727,727,GMj8yNo6
46,fAvG1,506,fAvG1,fAvG1,fAvG1,fAvG1,fAvG1,fAvG1,fAvG1,fAvG1,506,fAvG1,fAvG1,fAvG1,821.9018394218101,fAvG1,fAvG1,506,fAvG1,fAvG1,fAvG1,fAvG1,fAvG1,fAvG1,fAvG1,821.9018394218101,506,506,fAvG1,fAvG1,506,fAvG1,fAvG1,fAvG1,fAvG1,fAvG1,2017-06-17,fAvG1,506,fAvG1,2017-06-17,fAvG1,fAvG1,fAvG1,fAvG1,fAvG1,fAvG1,506,506,fAvG1,506,fAvG1,fAvG1,fAvG1,fAvG1,fAvG1,fAvG1,fAvG1,506,506,fAvG1
47,gEGuV3ABi,730,gEGuV3ABi,gEGuV3ABi,gEGuV3ABi,gEGuV3ABi,gEGuV3ABi,gEGuV3ABi,gEGuV3ABi,gEGuV3ABi,730,gEGuV3ABi,gEGuV3ABi,gEGuV3ABi,326.7851419805772,gEGuV3ABi,gEGuV3ABi,730,gEGuV3ABi,gEGuV3ABi,gEGuV3ABi,gEGuV3ABi,gEGuV3ABi,gEGuV3ABi,gEGuV3ABi,326.7851419805772,730,730,gEGuV3ABi,gEGuV3ABi,730,gEGuV3ABi,gEGuV3ABi,gEGuV3ABi,gEGuV3ABi,gEGuV3ABi,2022-09-07,gEGuV3ABi,730,gEGuV3ABi,2022-09-07,gEGuV3ABi,gEGuV3ABi,gEGuV3ABi,gEGuV3ABi,gEGuV3ABi,gEGuV3ABi,730,730,gEGuV3ABi,730,gEGuV3ABi,gEGuV3ABi,gEGuV3ABi,gEGuV3ABi,gEGuV3ABi,gEGuV3ABi,gEGuV3ABi,730,730,gEGuV3ABi
48,U0,21,U0,U0,U0,U0,U0,U0,U0,U0,21,U0,U0,U0,871.8896490256361,U0,U0,21,U0,U0,U0,U0,U0,U0,U0,871.8896490256361,21,21,U0,U0,21,U0,U0,U0,U0,U0,2016-06-02,U0,21,U0,2016-06-02,U0,U0,U0,U0,U0,U0,21,21,U0,21,U0,U0,U0,U0,U0,U0,U0,21,21,U0
49,dFu18CF,386,dFu18CF,dFu18CF,dFu18CF,dFu18CF,dFu18CF,dFu18CF,dFu18CF,dFu18CF,386,dFu18CF,dFu18CF,dFu18CF,362.3247896925069,dFu18CF,dFu18CF,386,dFu18CF,dFu18CF,dFu18CF,dFu18CF,dFu18CF,dFu18CF,dFu18CF,362.3247896925069,386,386,dFu18CF,dFu18CF,386,dFu18CF,dFu18CF,dFu18CF,dFu18CF,dFu18CF,2018-05-18,dFu18CF,386,dFu18CF,2018-05-18,dFu18CF,dFu18CF,dFu18CF,dFu18CF,dFu18CF,dFu18CF,386,386,dFu18CF,386,dFu18CF,dFu18CF,dFu18CF,dFu18CF,dFu18CF,dFu18CF,dFu18CF,386,386,dFu18CF
50,zJFLg,955,zJFLg,zJFLg,zJFLg,zJFLg,zJFLg,zJFLg,zJFLg,zJFLg,955,zJFLg,zJFLg,zJFLg,291.22696391564597,zJFLg,zJFLg,955,zJFLg,zJFLg,zJFLg,zJFLg,zJFLg,zJFLg,zJFLg,291.22696391564597,955,955,zJFLg,zJFLg,955,zJFLg,zJFLg,zJFLg,zJFLg,zJFLg,2015-11-28,zJFLg,955,zJFLg,2015-11-28,zJFLg,zJFLg,zJFLg,zJFLg,zJFLg,zJFLg,955,955,zJFLg,955,zJFLg,zJFLg,zJFLg,zJFLg,zJFLg,zJFLg,zJFLg,955,955,zJFLg
51,JzgqBFAWZc,446,JzgqBFAWZc,JzgqBFAWZc,JzgqBFAWZc,JzgqBFAWZc,JzgqBFAWZc,JzgqBFAWZc,JzgqBFAWZc,JzgqBFAWZc,446,JzgqBFAWZc,JzgqBFAWZc,JzgqBFAWZc,664.2884282125276,JzgqBFAWZc,JzgqBFAWZc,446,JzgqBFAWZc,JzgqBFAWZc,JzgqBFAWZc,JzgqBFAWZc,JzgqBFAWZc,JzgqBFAWZc,JzgqBFAWZc,664.2884282125276,446,446,JzgqBFAWZc,JzgqBFAWZc,446,JzgqBFAWZc,JzgqBFAWZc,JzgqBFAWZc,JzgqBFAWZc,JzgqBFAWZc,2019-02-03,JzgqBFAWZc,446,JzgqBFAWZc,2019-02-03,JzgqBFAWZc,JzgqBFAWZc,JzgqBFAWZc,JzgqBFAWZc,JzgqBFAWZc,JzgqBFAWZc,446,446,JzgqBFAWZc,446,JzgqBFAWZc,JzgqBFAWZc,JzgqBFAWZc,JzgqBFAWZc,JzgqBFAWZc,JzgqBFAWZc,JzgqBFAWZc,446,446,JzgqBFAWZc
52,2A,3,2A,2A,2A,2A,2A,2A,2A,2A,3,2A,2A,2A,543.7174692534783,2A,2A,3,2A,2A,2A,2A,2A,2A,2A,543.7174692534783,3,3,2A,2A,3,2A,2A,2A,2A,2A,2023-05-26,2A,3,2A,2023-05-26,2A,2A,2A,2A,2A,2A,3,3,2A,3,2A,2A,2A,2A,2A,2A,2A,3,3,2A
53,VFbdh,667,VFbdh,VFbdh,VFbdh,VFbdh,VFbdh,VFbdh,VFbdh,VFbdh,667,VFbdh,VFbdh,VFbdh,145.72807324278557,VFbdh,VFbdh,667,VFbdh,VFbdh,VFbdh,VFbdh,VFbdh,VFbdh,VFbdh,145.72807324278557,667,667,VFbdh,VFbdh,667,VFbdh,VFbdh,VFbdh,VFbdh,VFbdh,2018-04-28,VFbdh,667,VFbdh,2018-04-28,VFbdh,VFbdh,VFbdh,VFbdh,VFbdh,VFbdh,667,667,VFbdh,667,VFbdh,VFbdh,VFbdh,VFbdh,VFbdh,VFbdh,VFbdh,667,667,VFbdh
54,7qE6c,642,7qE6c,7qE6c,7qE6c,7qE6c,7qE6c,7qE6c,7qE6c,7qE6c,642,7qE6c,7qE6c,7qE6c,940.6069676795404,7qE6c,7qE6c,642,7qE6c,7qE6c,7qE6c,7qE6c,7qE6c,7qE6c,7qE6c,940.6069676795404,642,642,7qE6c,7qE6c,642,7qE6c,7qE6c,7qE6c,7qE6c,7qE6c,2016-05-08,7qE6c,642,7qE6c,2016-05-08,7qE6c,7qE6c,7qE6c,7qE6c,7qE6c,7qE6c,642,642,7qE6c,642,7qE6c,7qE6c,7qE6c,7qE6c,7qE6c,7qE6c,7qE6c,642,642,7qE6c
55,2P2haJ0bnC,770,2P2haJ0bnC,2P2haJ0bnC,2P2haJ0bnC,2P2haJ0bnC,2P2haJ0bnC,2P2haJ0bnC,2P2haJ0bnC,2P2haJ0bnC,770,2P2haJ0bnC,2P2haJ0bnC,2P2haJ0bnC,983.2363542136499,2P2haJ0bnC,2P2haJ0bnC,770,2P2haJ0bnC,2P2haJ0bnC,2P2haJ0bnC,2P2haJ0bnC,2P2haJ0bnC,2P2haJ0bnC,2P2haJ0bnC,983.2363542136499,770,770,2P2haJ0bnC,2P2haJ0bnC,770,2P2haJ0bnC,2P2haJ0bnC,2P2haJ0bnC,2P2haJ0bnC,2P2haJ0bnC,2021-02-28,2P2haJ0bnC,770,2P2haJ0bnC,2021-02-28,2P2haJ0bnC,2P2haJ0bnC,2P2haJ0bnC,2P2haJ0bnC,2P2haJ0bnC,2P2haJ0bnC,770,770,2P2haJ0bnC,770,2P2haJ0bnC,2P2haJ0bnC,2P2haJ0bnC,2P2haJ0bnC,2P2haJ0bnC,2P2haJ0bnC,2P2haJ0bnC,770,770,2P2haJ0bnC
56,nemw1NOk,16,nemw1NOk,nemw1NOk,nemw1NOk,nemw1NOk,nemw1NOk,nemw1NOk,nemw1NOk,nemw1NOk,16,nemw1NOk,nemw1NOk,nemw1NOk,357.57226760968797,nemw1NOk,nemw1NOk,16,nemw1NOk,nemw1NOk,nemw1NOk,nemw1NOk,nemw1NOk,nemw1NOk,nemw1NOk,357.57226760968797,16,16,nemw1NOk,nemw1NOk,16,nemw1NOk,nemw1NOk,nemw1NOk,nemw1NOk,nemw1NOk,2018-02-02,nemw1NOk,16,nemw1NOk,2018-02-02,nemw1NOk,nemw1NOk,nemw1NOk,nemw1NOk,nemw1NOk,nemw1NOk,16,16,nemw1NOk,16,nemw1NOk,nemw1NOk,nemw1NOk,nemw1NOk,nemw1NOk,nemw1NOk,nemw1NOk,16,16,nemw1NOk
57,uuG,421,uuG,uuG,uuG,uuG,uuG,uuG,uuG,uuG,421,uuG,uuG,uuG,843.7626810443055,uuG,uuG,421,uuG,uuG,uuG,uuG,uuG,uuG,uuG,843.7626810443055,421,421,uuG,uuG,421,uuG,uuG,uuG,uuG,uuG,2022-01-02,uuG,421,uuG,2022-01-02,uuG,uuG,uuG,uuG,uuG,uuG,421,421,uuG,421,uuG,uuG,uuG,uuG,uuG,uuG,uuG,421,421,uuG
58,52e,929,52e,52e,52e,52e,52e,52e,52e,52e,929,52e,52e,52e,901.7515350962412,52e,52e,929,52e,52e,52e,52e,52e,52e,52e,901.7515350962412,929,929,52e,52e,929,52e,52e,52e,52e,52e,2019-03-30,52e,929,52e,2019-03-30,52e,52e,52e,52e,52e,52e,929,929,52e,929,52e,52e,52e,52e,52e,52e,52e,929,929,52e
59,D1MO,170,D1MO,D1MO,D1MO,D1MO,D1MO,D1MO,D1MO,D1MO,170,D1MO,D1MO,D1MO,313.92937646020556,D1MO,D1MO,170,D1MO,D1MO,D1MO,D1MO,D1MO,D1MO,D1MO,313.92937646020556,170,170,D1MO,D1MO,170,D1MO,D1MO,D1MO,D1MO,D1MO,2021-09-29,D1MO,170,D1MO,2021-09-29,D1MO,D1MO,D1MO,D1MO,D1MO,D1MO,170,170,D1MO,170,D1MO,D1MO,D1MO,D1MO,D1MO,D1MO,D1MO,170,170,D1MO
60,irQg1aoq4N,292,irQg1aoq4N,irQg1aoq4N,irQg1aoq4N,irQg1aoq4N,irQg1aoq4N,irQg1aoq4N,irQg1aoq4N,irQg1aoq4N,292,irQg1aoq4N,irQg1aoq4N,irQg1aoq4N,868.4783443381098,irQg1aoq4N,irQg1aoq4N,292,irQg1aoq4N,irQg1aoq4N,irQg1aoq4N,irQg1aoq4N,irQg1aoq4N,irQg1aoq4N,irQg1aoq4N,868.4783443381098,292,292,irQg1aoq4N,irQg1aoq4N,292,irQg1aoq4N,irQg1aoq4N,irQg1aoq4N,irQg1aoq4N,irQg1aoq4N,2018-01-12,irQg1aoq4N,292,irQg1aoq4N,2018-01-12,irQg1aoq4N,irQg1aoq4N,irQg1aoq4N,irQg1aoq4N,irQg1aoq4N,irQg1aoq4N,292,292,irQg1aoq4N,292,irQg1aoq4N,irQg1aoq4N,irQg1aoq4N,irQg1aoq4N,irQg1aoq4N,irQg1aoq4N,irQg1aoq4N,292,292,irQg1aoq4N
61,naSe0cQxJa,198,naSe0cQxJa,naSe0cQxJa,naSe0cQxJa,naSe0cQxJa,naSe0cQxJa,naSe0cQxJa,naSe0cQxJa,naSe0cQxJa,198,naSe0cQxJa,naSe0cQxJa,naSe0cQxJa,22.56819713136626,naSe0cQxJa,naSe0cQxJa,198,naSe0cQxJa,naSe0cQxJa,naSe0cQxJa,naSe0cQxJa,naSe0cQxJa,naSe0cQxJa,naSe0cQxJa,22.56819713136626,198,198,naSe0cQxJa,naSe0cQxJa,198,naSe0cQxJa,naSe0cQxJa,naSe0cQxJa,naSe0cQxJa,naSe0cQxJa,2018-01-14,naSe0cQxJa,198,naSe0cQxJa,2018-01-14,naSe0cQxJa,naSe0cQxJa,naSe0cQxJa,naSe0cQxJa,naSe0cQxJa,naSe0cQxJa,198,198,naSe0cQxJa,198,naSe0cQxJa,naSe0cQxJa,naSe0cQxJa,naSe0cQxJa,naSe0cQxJa,naSe0cQxJa,naSe0cQxJa,198,198,naSe0cQxJa
62,dD3FlC4EFv,980,dD3FlC4EFv,dD3FlC4EFv,dD3FlC4EFv,dD3FlC4EFv,dD3FlC4EFv,dD3FlC4EFv,dD3FlC4EFv,dD3FlC4EFv,980,dD3FlC4EFv,dD3FlC4EFv,dD3FlC4EFv,267.8737702583486,dD3FlC4EFv,dD3FlC4EFv,980,dD3FlC4EFv,dD3FlC4EFv,dD3FlC4EFv,dD3FlC4EFv,dD3FlC4EFv,dD3FlC4EFv,dD3FlC4EFv,267.8737702583486,980,980,dD3FlC4EFv,dD3FlC4EFv,980,dD3FlC4EFv,dD3FlC4EFv,dD3FlC4EFv,dD3FlC4EFv,dD3FlC4EFv,2020-07-13,dD3FlC4EFv,980,dD3FlC4EFv,2020-07-13,dD3FlC4EFv,dD3FlC4EFv,dD3FlC4EFv,dD3FlC4EFv,dD3FlC4EFv,dD3FlC4EFv,980,980,dD3FlC4EFv,980,dD3FlC4EFv,dD3FlC4EFv,dD3FlC4EFv,dD3FlC4EFv,dD3FlC4EFv,dD3FlC4EFv,dD3FlC4EFv,980,980,dD3FlC4EFv
63,jT,568,jT,jT,jT,jT,jT,jT,jT,jT,568,jT,jT,jT,371.7730514909794,jT,jT,568,jT,jT,jT,jT,jT,jT,jT,371.7730514909794,568,568,jT,jT,568,jT,jT,jT,jT,jT,2017-04-11,jT,568,jT,2017-04-11,jT,jT,jT,jT,jT,jT,568,568,jT,568,jT,jT,jT,jT,jT,jT,jT,568,568,jT
64,WKRTlKwE2,392,WKRTlKwE2,WKRTlKwE2,WKRTlKwE2,WKRTlKwE2,WKRTlKwE2,WKRTlKwE2,WKRTlKwE2,WKRTlKwE2,392,WKRTlKwE2,WKRTlKwE2,WKRTlKwE2,953.763370012671,WKRTlKwE2,WKRTlKwE2,392,WKRTlKwE2,WKRTlKwE2,WKRTlKwE2,WKRTlKwE2,WKRTlKwE2,WKRTlKwE2,WKRTlKwE2,953.763370012671,392,392,WKRTlKwE2,WKRTlKwE2,392,WKRTlKwE2,WKRTlKwE2,WKRTlKwE2,WKRTlKwE2,WKRTlKwE2,2021-06-10,WKRTlKwE2,392,WKRTlKwE2,2021-06-10,WKRTlKwE2,WKRTlKwE2,WKRTlKwE2,WKRTlKwE2,WKRTlKwE2,WKRTlKwE2,392,392,WKRTlKwE2,392,WKRTlKwE2,WKRTlKwE2,WKRTlKwE2,WKRTlKwE2,WKRTlKwE2,WKRTlKwE2,WKRTlKwE2,392,392,WKRTlKwE2
65,9FHL,854,9FHL,9FHL,9FHL,9FHL,9FHL,9FHL,9FHL,9FHL,854,9FHL,9FHL,9FHL,581.6541560695875,9FHL,9FHL,854,9FHL,9FHL,9FHL,9FHL,9FHL,9FHL,9FHL,581.6541560695875,854,854,9FHL,9FHL,854,9FHL,9FHL,9FHL,9FHL,9FHL,2019-02-05,9FHL,854,9FHL,2019-02-05,9FHL,9FHL,9FHL,9FHL,9FHL,9FHL,854,854,9FHL,854,9FHL,9FHL,9FHL,9FHL,9FHL,9FHL,9FHL,854,854,9FHL
66,Rkc1W,58,Rkc1W,Rkc1W,Rkc1W,Rkc1W,Rkc1W,Rkc1W,Rkc1W,Rkc1W,58,Rkc1W,Rkc1W,Rkc1W,334.93676812976605,Rkc1W,Rkc1W,58,Rkc1W,Rkc1W,Rkc1W,Rkc1W,Rkc1W,Rkc1W,Rkc1W,334.93676812976605,58,58,Rkc1W,Rkc1W,58,Rkc1W,Rkc1W,Rkc1W,Rkc1W,Rkc1W,2017-10-04,Rkc1W,58,Rkc1W,2017-10-04,Rkc1W,Rkc1W,Rkc1W,Rkc1W,Rkc1W,Rkc1W,58,58,Rkc1W,58,Rkc1W,Rkc1W,Rkc1W,Rkc1W,Rkc1W,Rkc1W,Rkc1W,58,58,Rkc1W
67,YG96Sqg,406,YG96Sqg,YG96Sqg,YG96Sqg,YG96Sqg,YG96Sqg,YG96Sqg,YG96Sqg,YG96Sqg,406,YG96Sqg,YG96Sqg,YG96Sqg,309.3992094756426,YG96Sqg,YG96Sqg,406,YG96Sqg,YG96Sqg,YG96Sqg,YG96Sqg,YG96Sqg,YG96Sqg,YG96Sqg,309.3992094756426,406,406,YG96Sqg,YG96Sqg,406,YG96Sqg,YG96Sqg,YG96Sqg,YG96Sqg,YG96Sqg,2016-10-10,YG96Sqg,406,YG96Sqg,2016-10-10,YG96Sqg,YG96Sqg,YG96Sqg,YG96Sqg,YG96Sqg,YG96Sqg,406,406,YG96Sqg,406,YG96Sqg,YG96Sqg,YG96Sqg,YG96Sqg,YG96Sqg,YG96Sqg,YG96Sqg,406,406,YG96Sqg
68,X4gGTC1c,879,X4gGTC1c,X4gGTC1c,X4gGTC1c,X4gGTC1c,X4gGTC1c,X4gGTC1c,X4gGTC1c,X4gGTC1c,879,X4gGTC1c,X4gGTC1c,X4gGTC1c,642.7933626952423,X4gGTC1c,X4gGTC1c,879,X4gGTC1c,X4gGTC1c,X4gGTC1c,X4gGTC1c,X4gGTC1c,X4gGTC1c,X4gGTC1c,642.7933626952423,879,879,X4gGTC1c,X4gGTC1c,879,X4gGTC1c,X4gGTC1c,X4gGTC1c,X4gGTC1c,X4gGTC1c,2021-07-16,X4gGTC1c,879,X4gGTC1c,2021-07-16,X4gGTC1c,X4gGTC1c,X4gGTC1c,X4gGTC1c,X4gGTC1c,X4gGTC1c,879,879,X4gGTC1c,879,X4gGTC1c,X4gGTC1c,X4gGTC1c,X4gGTC1c,X4gGTC1c,X4gGTC1c,X4gGTC1c,879,879,X4gGTC1c
69,NSbUCgW,845,NSbUCgW,NSbUCgW,NSbUCgW,NSbUCgW,NSbUCgW,NSbUCgW,NSbUCgW,NSbUCgW,845,NSbUCgW,NSbUCgW,NSbUCgW,643.7648485303008,NSbUCgW,NSbUCgW,845,NSbUCgW,NSbUCgW,NSbUCgW,NSbUCgW,NSbUCgW,NSbUCgW,NSbUCgW,643.7648485303008,845,845,NSbUCgW,NSbUCgW,845,NSbUCgW,NSbUCgW,NSbUCgW,NSbUCgW,NSbUCgW,2019-04-01,NSbUCgW,845,NSbUCgW,2019-04-01,NSbUCgW,NSbUCgW,NSbUCgW,NSbUCgW,NSbUCgW,NSbUCgW,845,845,NSbUCgW,845,NSbUCgW,NSbUCgW,NSbUCgW,NSbUCgW,NSbUCgW,NSbUCgW,NSbUCgW,845,845,NSbUCgW
70,nAuKrPkZoa,367,nAuKrPkZoa,nAuKrPkZoa,nAuKrPkZoa,nAuKrPkZoa,nAuKrPkZoa,nAuKrPkZoa,nAuKrPkZoa,nAuKrPkZoa,367,nAuKrPkZoa,nAuKrPkZoa,nAuKrPkZoa,946.1942571277358,nAuKrPkZoa,nAuKrPkZoa,367,nAuKrPkZoa,nAuKrPkZoa,nAuKrPkZoa,nAuKrPkZoa,nAuKrPkZoa,nAuKrPkZoa,nAuKrPkZoa,946.1942571277358,367,367,nAuKrPkZoa,nAuKrPkZoa,367,nAuKrPkZoa,nAuKrPkZoa,nAuKrPkZoa,nAuKrPkZoa,nAuKrPkZoa,2017-08-07,nAuKrPkZoa,367,nAuKrPkZoa,2017-08-07,nAuKrPkZoa,nAuKrPkZoa,nAuKrPkZoa,nAuKrPkZoa,nAuKrPkZoa,nAuKrPkZoa,367,367,nAuKrPkZoa,367,nAuKrPkZoa,nAuKrPkZoa,nAuKrPkZoa,nAuKrPkZoa,nAuKrPkZoa,nAuKrPkZoa,nAuKrPkZoa,367,367,nAuKrPkZoa
71,hDCTb4pvv,441,hDCTb4pvv,hDCTb4pvv,hDCTb4pvv,hDCTb4pvv,hDCTb4pvv,hDCTb4pvv,hDCTb4pvv,hDCTb4pvv,441,hDCTb4pvv,hDCTb4pvv,hDCTb4pvv,412.89664355317603,hDCTb4pvv,hDCTb4pvv,441,hDCTb4pvv,hDCTb4pvv,hDCTb4pvv,hDCTb4pvv,hDCTb4pvv,hDCTb4pvv,hDCTb4pvv,412.89664355317603,441,441,hDCTb4pvv,hDCTb4pvv,441,hDCTb4pvv,hDCTb4pvv,hDCTb4pvv,hDCTb4pvv,hDCTb4pvv,2022-05-06,hDCTb4pvv,441,hDCTb4pvv,2022-05-06,hDCTb4pvv,hDCTb4pvv,hDCTb4pvv,hDCTb4pvv,hDCTb4pvv,hDCTb4pvv,441,441,hDCTb4pvv,441,hDCTb4pvv,hDCTb4pvv,hDCTb4pvv,hDCTb4pvv,hDCTb4pvv,hDCTb4pvv,hDCTb4pvv,441,441,hDCTb4pvv
72,pZE,452,pZE,pZE,pZE,pZE,pZE,pZE,pZE,pZE,452,pZE,pZE,pZE,603.5307787430482,pZE,pZE,452,pZE,pZE,pZE,pZE,pZE,pZE,pZE,603.5307787430482,452,452,pZE,pZE,452,pZE,pZE,pZE,pZE,pZE,2016-03-20,pZE,452,pZE,2016-03-20,pZE,pZE,pZE,pZE,pZE,pZE,452,452,pZE,452,pZE,pZE,pZE,pZE,pZE,pZE,pZE,452,452,pZE
73,ADBEfqf71,68,ADBEfqf71,ADBEfqf71,ADBEfqf71,ADBEfqf71,ADBEfqf71,ADBEfqf71,ADBEfqf71,ADBEfqf71,68,ADBEfqf71,ADBEfqf71,ADBEfqf71,900.0665589544493,ADBEfqf71,ADBEfqf71,68,ADBEfqf71,ADBEfqf71,ADBEfqf71,ADBEfqf71,ADBEfqf71,ADBEfqf71,ADBEfqf71,900.0665589544493,68,68,ADBEfqf71,ADBEfqf71,68,ADBEfqf71,ADBEfqf71,ADBEfqf71,ADBEfqf71,ADBEfqf71,2021-06-15,ADBEfqf71,68,ADBEfqf71,2021-06-15,ADBEfqf71,ADBEfqf71,ADBEfqf71,ADBEfqf71,ADBEfqf71,ADBEfqf71,68,68,ADBEfqf71,68,ADBEfqf71,ADBEfqf71,ADBEfqf71,ADBEfqf71,ADBEfqf71,ADBEfqf71,ADBEfqf71,68,68,ADBEfqf71
74,YTEuj2XmNk,477,YTEuj2XmNk,YTEuj2XmNk,YTEuj2XmNk,YTEuj2XmNk,YTEuj2XmNk,YTEuj2XmNk,YTEuj2XmNk,YTEuj2XmNk,477,YTEuj2XmNk,YTEuj2XmNk,YTEuj2XmNk,510.34787618616303,YTEuj2XmNk,YTEuj2XmNk,477,YTEuj2XmNk,YTEuj2XmNk,YTEuj2XmNk,YTEuj2XmNk,YTEuj2XmNk,YTEuj2XmNk,YTEuj2XmNk,510.34787618616303,477,477,YTEuj2XmNk,YTEuj2XmNk,477,YTEuj2XmNk,YTEuj2XmNk,YTEuj2XmNk,YTEuj2XmNk,YTEuj2XmNk,2020-01-12,YTEuj2XmNk,477,YTEuj2XmNk,2020-01-12,YTEuj2XmNk,YTEuj2XmNk,YTEuj2XmNk,YTEuj2XmNk,YTEuj2XmNk,YTEuj2XmNk,477,477,YTEuj2XmNk,477,YTEuj2XmNk,YTEuj2XmNk,YTEuj2XmNk,YTEuj2XmNk,YTEuj2XmNk,YTEuj2XmNk,YTEuj2XmNk,477,477,YTEuj2XmNk
75,VnIGfphg,288,VnIGfphg,VnIGfphg,VnIGfphg,VnIGfphg,VnIGfphg,VnIGfphg,VnIGfphg,VnIGfphg,288,VnIGfphg,VnIGfphg,VnIGfphg,557.9986090493959,VnIGfphg,VnIGfphg,288,VnIGfphg,VnIGfphg,VnIGfphg,VnIGfphg,VnIGfphg,VnIGfphg,VnIGfphg,557.9986090493959,288,288,VnIGfphg,VnIGfphg,288,VnIGfphg,VnIGfphg,VnIGfphg,VnIGfphg,VnIGfphg,2021-09-21,VnIGfphg,288,VnIGfphg,2021-09-21,VnIGfphg,VnIGfphg,VnIGfphg,VnIGfphg,VnIGfphg,VnIGfphg,288,288,VnIGfphg,288,VnIGfphg,VnIGfphg,VnIGfphg,VnIGfphg,VnIGfphg,VnIGfphg,VnIGfphg,288,288,VnIGfphg
76,k,548,k,k,k,k,k,k,k,k,548,k,k,k,732.288100770876,k,k,548,k,k,k,k,k,k,k,732.288100770876,548,548,k,k,548,k,k,k,k,k,2016-10-14,k,548,k,2016-10-14,k,k,k,k,k,k,548,548,k,548,k,k,k,k,k,k,k,548,548,k
77,EBkQTzo,83,EBkQTzo,EBkQTzo,EBkQTzo,EBkQTzo,EBkQTzo,EBkQTzo,EBkQTzo,EBkQTzo,83,EBkQTzo,EBkQTzo,EBkQTzo,341.0246848414613,EBkQTzo,EBkQTzo,83,EBkQTzo,EBkQTzo,EBkQTzo,EBkQTzo,EBkQTzo,EBkQTzo,EBkQTzo,341.0246848414613,83,83,EBkQTzo,EBkQTzo,83,EBkQTzo,EBkQTzo,EBkQTzo,EBkQTzo,EBkQTzo,2022-07-31,EBkQTzo,83,EBkQTzo,2022-07-31,EBkQTzo,EBkQTzo,EBkQTzo,EBkQTzo,EBkQTzo,EBkQTzo,83,83,EBkQTzo,83,EBkQTzo,EBkQTzo,EBkQTzo,EBkQTzo,EBkQTzo,EBkQTzo,EBkQTzo,83,83,EBkQTzo
78,9,724,9,9,9,9,9,9,9,9,724,9,9,9,881.1502122307735,9,9,724,9,9,9,9,9,9,9,881.1502122307735,724,724,9,9,724,9,9,9,9,9,2016-03-26,9,724,9,2016-03-26,9,9,9,9,9,9,724,724,9,724,9,9,9,9,9,9,9,724,724,9
79,zti,756,zti,zti,zti,zti,zti,zti,zti,zti,756,zti,zti,zti,131.77956847662787,zti,zti,756,zti,zti,zti,zti,zti,zti,zti,131.77956847662787,756,756,zti,zti,756,zti,zti,zti,zti,zti,2022-10-21,zti,756,zti,2022-10-21,zti,zti,zti,zti,zti,zti,756,756,zti,756,zti,zti,zti,zti,zti,zti,zti,756,756,zti
80,zdWj,472,zdWj,zdWj,zdWj,zdWj,zdWj,zdWj,zdWj,zdWj,472,zdWj,zdWj,zdWj,413.2159108424304,zdWj,zdWj,472,zdWj,zdWj,zdWj,zdWj,zdWj,zdWj,zdWj,413.2159108424304,472,472,zdWj,zdWj,472,zdWj,zdWj,zdWj,zdWj,zdWj,2015-11-15,zdWj,472,zdWj,2015-11-15,zdWj,zdWj,zdWj,zdWj,zdWj,zdWj,472,472,zdWj,472,zdWj,zdWj,zdWj,zdWj,zdWj,zdWj,zdWj,472,472,zdWj
81,tOfY9H,725,tOfY9H,tOfY9H,tOfY9H,tOfY9H,tOfY9H,tOfY9H,tOfY9H,tOfY9H,725,tOfY9H,tOfY9H,tOfY9H,161.751275073289,tOfY9H,tOfY9H,725,tOfY9H,tOfY9H,tOfY9H,tOfY9H,tOfY9H,tOfY9H,tOfY9H,161.751275073289,725,725,tOfY9H,tOfY9H,725,tOfY9H,tOfY9H,tOfY9H,tOfY9H,tOfY9H,2023-05-18,tOfY9H,725,tOfY9H,2023-05-18,tOfY9H,tOfY9H,tOfY9H,tOfY9H,tOfY9H,tOfY9H,725,725,tOfY9H,725,tOfY9H,tOfY9H,tOfY9H,tOfY9H,tOfY9H,tOfY9H,tOfY9H,725,725,tOfY9H
82,OEoNDPoqph,769,OEoNDPoqph,OEoNDPoqph,OEoNDPoqph,OEoNDPoqph,OEoNDPoqph,OEoNDPoqph,OEoNDPoqph,OEoNDPoqph,769,OEoNDPoqph,OEoNDPoqph,OEoNDPoqph,319.3594855078389,OEoNDPoqph,OEoNDPoqph,769,OEoNDPoqph,OEoNDPoqph,OEoNDPoqph,OEoNDPoqph,OEoNDPoqph,OEoNDPoqph,OEoNDPoqph,319.3594855078389,769,769,OEoNDPoqph,OEoNDPoqph,769,OEoNDPoqph,OEoNDPoqph,OEoNDPoqph,OEoNDPoqph,OEoNDPoqph,2018-06-16,OEoNDPoqph,769,OEoNDPoqph,2018-06-16,OEoNDPoqph,OEoNDPoqph,OEoNDPoqph,OEoNDPoqph,OEoNDPoqph,OEoNDPoqph,769,769,OEoNDPoqph,769,OEoNDPoqph,OEoNDPoqph,OEoNDPoqph,OEoNDPoqph,OEoNDPoqph,OEoNDPoqph,OEoNDPoqph,769,769,OEoNDPoqph
83,L25EWe,871,L25EWe,L25EWe,L25EWe,L25EWe,L25EWe,L25EWe,L25EWe,L25EWe,871,L25EWe,L25EWe,L25EWe,941.3332045550686,L25EWe,L25EWe,871,L25EWe,L25EWe,L25EWe,L25EWe,L25EWe,L25EWe,L25EWe,941.3332045550686,871,871,L25EWe,L25EWe,871,L25EWe,L25EWe,L25EWe,L25EWe,L25EWe,2015-09-13,L25EWe,871,L25EWe,2015-09-13,L25EWe,L25EWe,L25EWe,L25EWe,L25EWe,L25EWe,871,871,L25EWe,871,L25EWe,L25EWe,L25EWe,L25EWe,L25EWe,L25EWe,L25EWe,871,871,L25EWe
84,k,79,k,k,k,k,k,k,k,k,79,k,k,k,60.60579406743605,k,k,79,k,k,k,k,k,k,k,60.60579406743605,79,79,k,k,79,k,k,k,k,k,2021-05-19,k,79,k,2021-05-19,k,k,k,k,k,k,79,79,k,79,k,k,k,k,k,k,k,79,79,k
85,u60CK81O,121,u60CK81O,u60CK81O,u60CK81O,u60CK81O,u60CK81O,u60CK81O,u60CK81O,u60CK81O,121,u60CK81O,u60CK81O,u60CK81O,880.1072872872497,u60CK81O,u60CK81O,121,u60CK81O,u60CK81O,u60CK81O,u60CK81O,u60CK81O,u60CK81O,u60CK81O,880.1072872872497,121,121,u60CK81O,u60CK81O,121,u60CK81O,u60CK81O,u60CK81O,u60CK81O,u60CK81O,2017-02-12,u60CK81O,121,u60CK81O,2017-02-12,u60CK81O,u60CK81O,u60CK81O,u60CK81O,u60CK81O,u60CK81O,121,121,u60CK81O,121,u60CK81O,u60CK81O,u60CK81O,u60CK81O,u60CK81O,u60CK81O,u60CK81O,121,121,u60CK81O
86,SsfEQK,979,SsfEQK,SsfEQK,SsfEQK,SsfEQK,SsfEQK,SsfEQK,SsfEQK,SsfEQK,979,SsfEQK,SsfEQK,SsfEQK,806.7838493480962,SsfEQK,SsfEQK,979,SsfEQK,SsfEQK,SsfEQK,SsfEQK,SsfEQK,SsfEQK,SsfEQK,806.7838493480962,979,979,SsfEQK,SsfEQK,979,SsfEQK,SsfEQK,SsfEQK,SsfEQK,SsfEQK,2023-05-03,SsfEQK,979,SsfEQK,2023-05-03,SsfEQK,SsfEQK,SsfEQK,SsfEQK,SsfEQK,SsfEQK,979,979,SsfEQK,979,SsfEQK,SsfEQK,SsfEQK,SsfEQK,SsfEQK,SsfEQK,SsfEQK,979,979,SsfEQK
87,s9EcuN46tY,642,s9EcuN46tY,s9EcuN46tY,s9EcuN46tY,s9EcuN46tY,s9EcuN46tY,s9EcuN46tY,s9EcuN46tY,s9EcuN46tY,642,s9EcuN46tY,s9EcuN46tY,s9EcuN46tY,556.8993821916235,s9EcuN46tY,s9EcuN46tY,642,s9EcuN46tY,s9EcuN46tY,s9EcuN46tY,s9EcuN46tY,s9EcuN46tY,s9EcuN46tY,s9EcuN46tY,556.8993821916235,642,642,s9EcuN46tY,s9EcuN46tY,642,s9EcuN46tY,s9EcuN46tY,s9EcuN46tY,s9EcuN46tY,s9EcuN46tY,2015-06-12,s9EcuN46tY,642,s9EcuN46tY,2015-06-12,s9EcuN46tY,s9EcuN46tY,s9EcuN46tY,s9EcuN46tY,s9EcuN46tY,s9EcuN46tY,642,642,s9EcuN46tY,642,s9EcuN46tY,s9EcuN46tY,s9EcuN46tY,s9EcuN46tY,s9EcuN46tY,s9EcuN46tY,s9EcuN46tY,642,642,s9EcuN46tY
88,0DlaSQbfVV,39,0DlaSQbfVV,0DlaSQbfVV,0DlaSQbfVV,0DlaSQbfVV,0DlaSQbfVV,0DlaSQbfVV,0DlaSQbfVV,0DlaSQbfVV,39,0DlaSQbfVV,0DlaSQbfVV,0DlaSQbfVV,224.26611161955577,0DlaSQbfVV,0DlaSQbfVV,39,0DlaSQbfVV,0DlaSQbfVV,0DlaSQbfVV,0DlaSQbfVV,0DlaSQbfVV,0DlaSQbfVV,0DlaSQbfVV,224.26611161955577,39,39,0DlaSQbfVV,0DlaSQbfVV,39,0DlaSQbfVV,0DlaSQbfVV,0DlaSQbfVV,0DlaSQbfVV,0DlaSQbfVV,2019-03-28,0DlaSQbfVV,39,0DlaSQbfVV,2019-03-28,0DlaSQbfVV,0DlaSQbfVV,0DlaSQbfVV,0DlaSQbfVV,0DlaSQbfVV,0DlaSQbfVV,39,39,0DlaSQbfVV,39,0DlaSQbfVV,0DlaSQbfVV,0DlaSQbfVV,0DlaSQbfVV,0DlaSQbfVV,0DlaSQbfVV,0DlaSQbfVV,39,39,0DlaSQbfVV
89,qBX2D4TW,818,qBX2D4TW,qBX2D4TW,qBX2D4TW,qBX2D4TW,qBX2D4TW,qBX2D4TW,qBX2D4TW,qBX2D4TW,818,qBX2D4TW,qBX2D4TW,qBX2D4TW,737.9612476244187,qBX2D4TW,qBX2D4TW,818,qBX2D4TW,qBX2D4TW,qBX2D4TW,qBX2D4TW,qBX2D4TW,qBX2D4TW,qBX2D4TW,737.9612476244187,818,818,qBX2D4TW,qBX2D4TW,818,qBX2D4TW,qBX2D4TW,qBX2D4TW,qBX2D4TW,qBX2D4TW,2021-03-25,qBX2D4TW,818,qBX2D4TW,2021-03-25,qBX2D4TW,qBX2D4TW,qBX2D4TW,qBX2D4TW,qBX2D4TW,qBX2D4TW,818,818,qBX2D4TW,818,qBX2D4TW,qBX2D4TW,qBX2D4TW,qBX2D4TW,qBX2D4TW,qBX2D4TW,qBX2D4TW,818,818,qBX2D4TW
90,mhDSXDib,391,mhDSXDib,mhDSXDib,mhDSXDib,mhDSXDib,mhDSXDib,mhDSXDib,mhDSXDib,mhDSXDib,391,mhDSXDib,mhDSXDib,mhDSXDib,196.58797219160095,mhDSXDib,mhDSXDib,391,mhDSXDib,mhDSXDib,mhDSXDib,mhDSXDib,mhDSXDib,mhDSXDib,mhDSXDib,196.58797219160095,391,391,mhDSXDib,mhDSXDib,391,mhDSXDib,mhDSXDib,mhDSXDib,mhDSXDib,mhDSXDib,2015-12-28,mhDSXDib,391,mhDSXDib,2015-12-28,mhDSXDib,mhDSXDib,mhDSXDib,mhDSXDib,mhDSXDib,mhDSXDib,391,391,mhDSXDib,391,mhDSXDib,mhDSXDib,mhDSXDib,mhDSXDib,mhDSXDib,mhDSXDib,mhDSXDib,391,391,mhDSXDib
91,xkCytJS,216,xkCytJS,xkCytJS,xkCytJS,xkCytJS,xkCytJS,xkCytJS,xkCytJS,xkCytJS,216,xkCytJS,xkCytJS,xkCytJS,193.4029424312431,xkCytJS,xkCytJS,216,xkCytJS,xkCytJS,xkCytJS,xkCytJS,xkCytJS,xkCytJS,xkCytJS,193.4029424312431,216,216,xkCytJS,xkCytJS,216,xkCytJS,xkCytJS,xkCytJS,xkCytJS,xkCytJS,2019-05-02,xkCytJS,216,xkCytJS,2019-05-02,xkCytJS,xkCytJS,xkCytJS,xkCytJS,xkCytJS,xkCytJS,216,216,xkCytJS,216,xkCytJS,xkCytJS,xkCytJS,xkCytJS,xkCytJS,xkCytJS,xkCytJS,216,216,xkCytJS
92,x,633,x,x,x,x,x,x,x,x,633,x,x,x,48.88745270422235,x,x,633,x,x,x,x,x,x,x,48.88745270422235,633,633,x,x,633,x,x,x,x,x,2017-03-25,x,633,x,2017-03-25,x,x,x,x,x,x,633,633,x,633,x,x,x,x,x,x,x,633,633,x
93,S,480,S,S,S,S,S,S,S,S,480,S,S,S,264.0672932312202,S,S,480,S,S,S,S,S,S,S,264.0672932312202,480,480,S,S,480,S,S,S,S,S,2021-07-02,S,480,S,2021-07-02,S,S,S,S,S,S,480,480,S,480,S,S,S,S,S,S,S,480,480,S
94,OpWMc2m,686,OpWMc2m,OpWMc2m,OpWMc2m,OpWMc2m,OpWMc2m,OpWMc2m,OpWMc2m,OpWMc2m,686,OpWMc2m,OpWMc2m,OpWMc2m,610.6709917589174,OpWMc2m,OpWMc2m,686,OpWMc2m,OpWMc2m,OpWMc2m,OpWMc2m,OpWMc2m,OpWMc2m,OpWMc2m,610.6709917589174,686,686,OpWMc2m,OpWMc2m,686,OpWMc2m,OpWMc2m,OpWMc2m,OpWMc2m,OpWMc2m,2017-08-18,OpWMc2m,686,OpWMc2m,2017-08-18,OpWMc2m,OpWMc2m,OpWMc2m,OpWMc2m,OpWMc2m,OpWMc2m,686,686,OpWMc2m,686,OpWMc2m,OpWMc2m,OpWMc2m,OpWMc2m,OpWMc2m,OpWMc2m,OpWMc2m,686,686,OpWMc2m
95,VZnO9,261,VZnO9,VZnO9,VZnO9,VZnO9,VZnO9,VZnO9,VZnO9,VZnO9,261,VZnO9,VZnO9,VZnO9,761.4689926180471,VZnO9,VZnO9,261,VZnO9,VZnO9,VZnO9,VZnO9,VZnO9,VZnO9,VZnO9,761.4689926180471,261,261,VZnO9,VZnO9,261,VZnO9,VZnO9,VZnO9,VZnO9,VZnO9,2017-12-24,VZnO9,261,VZnO9,2017-12-24,VZnO9,VZnO9,VZnO9,VZnO9,VZnO9,VZnO9,261,261,VZnO9,261,VZnO9,VZnO9,VZnO9,VZnO9,VZnO9,VZnO9,VZnO9,261,261,VZnO9
96,IdxoX,634,IdxoX,IdxoX,IdxoX,IdxoX,IdxoX,IdxoX,IdxoX,IdxoX,634,IdxoX,IdxoX,IdxoX,386.97368345368454,IdxoX,IdxoX,634,IdxoX,IdxoX,IdxoX,IdxoX,IdxoX,IdxoX,IdxoX,386.97368345368454,634,634,IdxoX,IdxoX,634,IdxoX,IdxoX,IdxoX,IdxoX,IdxoX,2022-06-30,IdxoX,634,IdxoX,2022-06-30,IdxoX,IdxoX,IdxoX,IdxoX,IdxoX,IdxoX,634,634,IdxoX,634,IdxoX,IdxoX,IdxoX,IdxoX,IdxoX,IdxoX,IdxoX,634,634,IdxoX
97,vaZ,948,vaZ,vaZ,vaZ,vaZ,vaZ,vaZ,vaZ,vaZ,948,vaZ,vaZ,vaZ,493.66340190580604,vaZ,vaZ,948,vaZ,vaZ,vaZ,vaZ,vaZ,vaZ,vaZ,493.66340190580604,948,948,vaZ,vaZ,948,vaZ,vaZ,vaZ,vaZ,vaZ,2017-04-12,vaZ,948,vaZ,2017-04-12,vaZ,vaZ,vaZ,vaZ,vaZ,vaZ,948,948,vaZ,948,vaZ,vaZ,vaZ,vaZ,vaZ,vaZ,vaZ,948,948,vaZ
98,ZjjfXjKEEL,36,ZjjfXjKEEL,ZjjfXjKEEL,ZjjfXjKEEL,ZjjfXjKEEL,ZjjfXjKEEL,ZjjfXjKEEL,ZjjfXjKEEL,ZjjfXjKEEL,36,ZjjfXjKEEL,ZjjfXjKEEL,ZjjfXjKEEL,936.1892721406521,ZjjfXjKEEL,ZjjfXjKEEL,36,ZjjfXjKEEL,ZjjfXjKEEL,ZjjfXjKEEL,ZjjfXjKEEL,ZjjfXjKEEL,ZjjfXjKEEL,ZjjfXjKEEL,936.1892721406521,36,36,ZjjfXjKEEL,ZjjfXjKEEL,36,ZjjfXjKEEL,ZjjfXjKEEL,ZjjfXjKEEL,ZjjfXjKEEL,ZjjfXjKEEL,2020-03-09,ZjjfXjKEEL,36,ZjjfXjKEEL,2020-03-09,ZjjfXjKEEL,ZjjfXjKEEL,ZjjfXjKEEL,ZjjfXjKEEL,ZjjfXjKEEL,ZjjfXjKEEL,36,36,ZjjfXjKEEL,36,ZjjfXjKEEL,ZjjfXjKEEL,ZjjfXjKEEL,ZjjfXjKEEL,ZjjfXjKEEL,ZjjfXjKEEL,ZjjfXjKEEL,36,36,ZjjfXjKEEL
99,OUpWc2uSG,247,OUpWc2uSG,OUpWc2uSG,OUpWc2uSG,OUpWc2uSG,OUpWc2uSG,OUpWc2uSG,OUpWc2uSG,OUpWc2uSG,247,OUpWc2uSG,OUpWc2uSG,OUpWc2uSG,115.38763219662651,OUpWc2uSG,OUpWc2uSG,247,OUpWc2uSG,OUpWc2uSG,OUpWc2uSG,OUpWc2uSG,OUpWc2uSG,OUpWc2uSG,OUpWc2uSG,115.38763219662651,247,247,OUpWc2uSG,OUpWc2uSG,247,OUpWc2uSG,OUpWc2uSG,OUpWc2uSG,OUpWc2uSG,OUpWc2uSG,2019-10-10,OUpWc2uSG,247,OUpWc2uSG,2019-10-10,OUpWc2uSG,OUpWc2uSG,OUpWc2uSG,OUpWc2uSG,OUpWc2uSG,OUpWc2uSG,247,247,OUpWc2uSG,247,OUpWc2uSG,OUpWc2uSG,OUpWc2uSG,OUpWc2uSG,OUpWc2uSG,OUpWc2uSG,OUpWc2uSG,247,247,OUpWc2uSG
